Age,Gender,Class,Study_Hours_Per_Day,Attendance_Percentage,Parental_Education,Internet_Access,Extracurricular_Activities,Math_Score,Science_Score,English_Score,Previous_Year_Score,Final_Percentage,Performance_Level,Pass_Fail
15,0,12,1.0,65,2,0,0,40,39,72,81,50.33,1,1
19,1,9,1.6,58,1,0,1,80,44,35,47,53.0,1,1
14,1,12,3.6,64,0,1,1,83,73,59,58,71.67,2,1
18,1,9,5.5,68,2,1,0,68,48,77,54,64.33,1,1
14,0,10,5.0,80,0,1,0,41,46,36,68,41.0,0,0
19,0,12,5.2,82,0,0,1,88,70,46,60,68.0,2,1
16,0,12,0.8,78,0,0,0,75,69,64,84,69.33,2,1
18,1,11,2.0,81,1,0,1,93,37,48,55,59.33,1,1
18,1,11,3.5,61,1,0,0,55,39,83,71,59.0,1,1
18,0,10,5.7,97,0,1,0,72,73,73,61,72.67,2,1
14,1,9,3.6,88,1,1,0,95,85,69,41,83.0,3,1
18,1,9,5.7,74,2,1,0,54,38,59,81,50.33,1,1
19,0,10,1.5,64,2,1,1,35,95,37,85,55.67,1,1
17,1,10,5.5,76,2,0,1,79,82,100,71,87.0,3,1
15,1,10,4.2,60,2,0,1,55,57,80,72,64.0,1,1
17,0,12,5.0,67,2,0,0,68,40,81,72,63.0,1,1
16,0,10,4.0,66,1,0,1,49,59,96,63,68.0,2,1
14,1,9,5.0,89,0,0,1,71,40,59,82,56.67,1,1
14,1,12,1.9,100,2,0,0,45,85,74,61,68.0,2,1
19,0,11,3.6,66,0,1,1,75,78,59,78,70.67,2,1
15,1,10,4.7,65,0,0,1,46,80,70,46,65.33,1,1
15,0,12,2.8,83,2,0,1,100,96,99,86,98.33,3,1
19,1,12,5.3,72,2,0,0,72,40,63,76,58.33,1,1
14,1,10,4.6,54,0,1,0,58,37,79,94,58.0,1,1
17,0,10,0.9,98,2,1,0,61,53,38,48,50.67,1,1
19,1,9,5.1,78,1,0,0,68,80,69,43,72.33,2,1
19,1,12,2.0,75,0,0,0,56,79,52,94,62.33,1,1
14,0,12,0.9,91,1,0,1,57,51,35,52,47.67,0,0
19,1,12,4.3,87,1,0,0,61,91,49,49,67.0,2,1
16,1,11,3.5,69,1,1,1,81,68,42,57,63.67,1,1
18,1,9,1.8,85,1,1,1,64,58,93,93,71.67,2,1
17,0,12,1.1,78,0,0,0,47,81,87,52,71.67,2,1
17,0,10,1.4,58,0,0,1,54,49,75,66,59.33,1,1
17,1,11,3.0,94,1,0,0,56,51,45,61,50.67,1,1
15,1,12,2.3,79,1,0,1,97,95,53,93,81.67,3,1
18,1,10,3.4,87,0,0,0,95,86,35,68,72.0,2,1
18,1,10,3.9,54,1,0,1,82,100,71,50,84.33,3,1
18,0,11,1.2,63,0,1,1,65,56,73,89,64.67,1,1
16,0,11,1.7,97,2,1,1,75,64,94,94,77.67,2,1
17,0,12,2.0,100,1,1,1,68,38,88,59,64.67,1,1
16,0,10,5.2,95,1,1,0,56,84,57,57,65.67,1,1
19,1,11,4.1,64,0,0,1,62,82,95,78,79.67,2,1
18,0,12,4.5,56,0,1,1,60,70,52,86,60.67,1,1
16,1,9,4.8,68,0,1,1,37,76,98,44,70.33,2,1
14,1,10,3.4,91,1,0,0,36,100,76,62,70.67,2,1
14,0,9,1.9,55,0,0,0,87,37,55,46,59.67,1,1
14,0,10,2.6,96,1,1,0,68,63,78,43,69.67,2,1
19,0,12,0.8,80,1,1,1,46,49,92,83,62.33,1,1
17,0,12,1.0,63,0,0,0,41,86,46,58,57.67,1,1
14,1,11,2.8,95,0,0,0,44,83,83,93,70.0,2,1
18,0,11,1.3,69,0,0,0,99,77,84,88,86.67,3,1
18,1,11,5.3,63,1,1,1,82,63,72,55,72.33,2,1
15,0,11,4.7,76,0,1,0,82,87,42,89,70.33,2,1
17,1,11,1.5,92,0,1,0,57,75,86,81,72.67,2,1
17,1,11,5.3,80,1,0,0,74,37,46,40,52.33,1,1
15,1,12,4.2,75,1,1,0,86,71,79,58,78.67,2,1
16,1,12,3.9,97,1,1,0,81,72,85,40,79.33,2,1
19,0,9,3.0,64,2,0,1,66,57,69,86,64.0,1,1
14,0,12,3.6,90,1,0,1,67,82,100,86,83.0,3,1
17,1,10,3.5,51,2,1,1,68,74,81,68,74.33,2,1
14,0,9,4.0,82,2,0,1,65,83,53,95,67.0,2,1
17,1,10,1.8,99,2,0,0,78,35,91,65,68.0,2,1
19,1,11,1.9,66,0,0,0,95,82,89,52,88.67,3,1
19,1,12,1.9,56,1,1,0,75,40,40,86,51.67,1,1
19,0,12,3.6,84,1,1,0,85,71,53,95,69.67,2,1
14,1,10,2.7,55,0,1,0,67,60,84,65,70.33,2,1
14,1,10,4.4,71,2,1,0,64,47,66,54,59.0,1,1
17,0,10,5.4,96,2,0,1,43,86,65,81,64.67,1,1
17,0,10,3.4,77,0,0,0,35,77,97,83,69.67,2,1
16,1,9,5.8,91,1,1,1,93,93,41,76,75.67,2,1
14,1,10,1.5,50,2,0,0,90,81,48,80,73.0,2,1
14,0,12,3.6,58,2,0,1,71,96,67,49,78.0,2,1
17,1,11,1.8,76,0,0,1,60,49,83,79,64.0,1,1
15,1,11,2.9,57,2,0,0,85,71,67,78,74.33,2,1
18,0,9,5.7,84,1,1,1,56,85,75,65,72.0,2,1
17,1,12,2.2,67,2,0,1,78,49,88,46,71.67,2,1
14,0,12,1.3,50,0,0,0,47,62,65,94,58.0,1,1
14,1,10,2.1,57,0,0,0,48,77,89,45,71.33,2,1
16,0,11,1.9,91,0,0,0,52,99,44,44,65.0,1,1
18,1,11,1.3,87,1,0,1,38,97,75,86,70.0,2,1
16,1,10,4.5,68,2,1,0,81,76,62,90,73.0,2,1
14,1,9,2.4,82,1,1,1,73,59,93,81,75.0,2,1
14,0,12,2.3,98,0,0,1,45,38,38,41,40.33,0,0
14,0,11,3.4,60,2,1,1,36,100,90,45,75.33,2,1
15,1,9,5.7,92,2,0,0,56,39,46,48,47.0,0,0
17,1,10,5.6,68,1,0,0,100,66,94,46,86.67,3,1
17,1,12,3.1,60,1,1,0,71,74,42,61,62.33,1,1
19,1,11,2.6,60,0,1,1,40,41,84,92,55.0,1,1
14,1,10,3.5,93,0,1,0,48,79,64,73,63.67,1,1
16,1,11,0.8,55,0,1,0,57,35,75,56,55.67,1,1
18,0,12,4.2,83,0,1,0,63,41,53,43,52.33,1,1
19,0,11,2.9,54,0,1,0,42,61,48,59,50.33,1,1
18,1,11,4.3,50,0,1,0,61,51,70,71,60.67,1,1
18,1,9,4.1,50,0,1,1,99,70,39,83,69.33,2,1
19,1,10,3.9,76,2,0,1,95,79,83,51,85.67,3,1
19,1,12,2.3,73,1,0,0,50,47,61,44,52.67,1,1
19,1,11,0.5,75,2,0,0,50,98,68,88,72.0,2,1
14,1,12,2.3,66,0,0,1,60,49,36,84,48.33,0,0
15,0,9,1.9,52,0,0,1,85,78,55,94,72.67,2,1
14,0,12,5.8,84,2,0,0,46,77,76,54,66.33,2,1
17,1,11,3.9,70,0,1,1,76,76,79,44,77.0,2,1
18,1,9,5.3,92,1,0,1,91,37,78,77,68.67,2,1
17,1,9,5.1,90,1,0,0,71,92,36,67,66.33,2,1
14,0,12,1.9,89,1,1,1,80,77,81,41,79.33,2,1
14,0,9,5.3,61,0,1,0,97,36,57,95,63.33,1,1
15,1,12,3.5,72,2,1,1,77,73,65,88,71.67,2,1
15,1,11,2.2,67,1,0,0,93,67,47,87,69.0,2,1
16,1,12,0.7,57,0,0,1,75,59,54,58,62.67,1,1
18,0,10,0.9,76,0,0,1,49,44,93,78,62.0,1,1
16,1,12,4.8,79,2,0,1,86,88,96,75,90.0,3,1
17,1,12,3.2,88,2,1,0,70,40,47,87,52.33,1,1
15,1,10,4.5,74,1,0,0,72,100,87,55,86.33,3,1
15,1,10,2.6,66,1,1,0,65,56,49,62,56.67,1,1
16,0,10,3.7,51,2,0,0,47,77,52,82,58.67,1,1
18,1,10,5.9,55,2,1,1,91,43,91,95,75.0,2,1
19,1,12,0.8,68,1,0,1,55,96,75,51,75.33,2,1
14,0,9,3.4,77,1,0,1,87,61,47,66,65.0,1,1
19,1,11,4.3,77,0,0,1,69,68,98,57,78.33,2,1
15,1,10,5.1,76,0,0,1,94,69,74,85,79.0,2,1
18,0,12,4.5,55,1,1,0,46,45,39,59,43.33,0,0
18,0,9,5.6,66,2,0,0,43,85,92,77,73.33,2,1
18,0,9,0.6,99,1,0,0,90,85,75,72,83.33,3,1
19,1,10,5.6,68,1,0,1,96,65,69,46,76.67,2,1
19,0,10,4.1,94,0,0,1,36,82,59,77,59.0,1,1
14,0,12,5.0,72,1,0,0,59,42,68,72,56.33,1,1
17,1,9,2.3,66,1,0,1,45,89,71,75,68.33,2,1
15,0,11,2.5,63,0,0,0,49,40,100,92,63.0,1,1
17,0,11,4.9,61,2,0,1,70,41,96,51,69.0,2,1
19,1,10,1.7,74,2,1,0,83,89,100,73,90.67,3,1
19,1,9,2.5,85,1,1,1,72,96,91,65,86.33,3,1
15,0,11,0.8,75,2,0,1,71,99,57,69,75.67,2,1
19,0,9,1.7,100,1,1,1,89,50,85,83,74.67,2,1
18,1,10,1.2,84,2,1,1,47,93,93,82,77.67,2,1
14,0,12,2.7,80,2,0,0,59,49,74,84,60.67,1,1
15,1,9,1.1,97,0,1,1,72,78,92,75,80.67,2,1
19,1,11,3.9,72,0,1,1,79,49,59,78,62.33,1,1
19,0,12,1.5,83,1,1,0,81,93,73,62,82.33,3,1
16,1,9,2.3,88,2,0,1,94,71,83,90,82.67,3,1
17,0,11,5.5,60,2,1,0,81,84,97,45,87.33,3,1
14,0,12,5.1,85,1,1,0,56,90,86,53,77.33,2,1
15,1,10,5.7,89,1,0,1,96,52,59,45,69.0,2,1
16,1,9,5.7,60,2,0,0,97,77,41,89,71.67,2,1
15,0,10,4.7,76,2,1,0,80,52,70,50,67.33,2,1
14,0,11,1.4,94,1,0,1,46,65,82,82,64.33,1,1
19,0,12,4.3,56,0,0,1,83,99,97,57,93.0,3,1
19,1,12,4.1,82,1,1,0,51,48,44,88,47.67,0,0
19,0,11,1.4,54,2,1,1,96,56,50,41,67.33,2,1
19,1,11,5.3,91,2,0,1,65,51,65,80,60.33,1,1
19,0,9,3.2,59,2,1,0,72,45,40,44,52.33,1,1
16,0,9,5.2,99,0,1,0,63,57,78,43,66.0,2,1
17,0,12,5.0,71,2,1,0,56,61,42,91,53.0,1,1
15,0,11,3.4,83,2,1,0,70,40,97,64,69.0,2,1
17,1,11,4.4,72,2,0,1,77,42,99,76,72.67,2,1
17,0,10,3.2,98,0,0,1,62,81,64,84,69.0,2,1
17,1,10,5.4,84,1,0,1,71,82,81,66,78.0,2,1
16,0,9,3.6,86,0,0,0,87,47,39,73,57.67,1,1
17,0,11,0.6,55,2,0,0,40,100,97,79,79.0,2,1
16,1,12,5.6,75,1,0,0,44,60,51,80,51.67,1,1
17,1,12,2.8,98,0,1,1,49,47,75,43,57.0,1,1
16,0,12,0.7,71,1,0,1,43,60,70,54,57.67,1,1
18,1,10,2.5,97,0,0,0,77,81,36,52,64.67,1,1
18,1,10,3.7,53,0,1,1,39,79,62,82,60.0,1,1
19,1,9,1.1,74,0,1,1,40,63,72,64,58.33,1,1
17,0,10,5.7,63,0,1,1,88,62,77,42,75.67,2,1
17,0,12,2.4,53,1,1,1,94,37,68,81,66.33,2,1
14,0,12,5.0,55,2,1,0,65,81,59,67,68.33,2,1
19,0,12,1.9,60,2,0,0,78,62,38,44,59.33,1,1
16,0,12,0.8,75,1,0,1,44,70,73,88,62.33,1,1
19,0,11,3.5,60,1,1,1,51,61,53,44,55.0,1,1
16,0,9,5.7,72,2,1,1,48,79,98,60,75.0,2,1
18,0,9,5.8,89,0,1,0,91,48,68,95,69.0,2,1
16,0,10,5.0,58,1,0,1,41,67,85,69,64.33,1,1
14,1,10,5.6,96,0,0,0,75,69,41,45,61.67,1,1
14,0,10,5.2,50,0,0,0,35,84,96,61,71.67,2,1
18,1,10,1.1,82,2,0,1,55,48,35,68,46.0,0,0
14,0,10,4.2,54,1,1,1,64,61,87,49,70.67,2,1
18,1,11,4.3,71,1,0,1,45,45,60,43,50.0,1,1
18,0,12,3.1,87,0,0,0,93,89,35,80,72.33,2,1
19,1,10,3.0,78,2,1,0,80,55,53,77,62.67,1,1
15,0,11,1.7,68,1,0,0,64,57,56,62,59.0,1,1
17,1,12,3.1,82,1,1,1,61,48,62,65,57.0,1,1
19,0,12,1.1,94,2,0,0,72,85,71,92,76.0,2,1
16,0,12,3.7,73,2,0,0,42,81,95,61,72.67,2,1
19,1,10,4.4,81,1,1,0,47,75,65,58,62.33,1,1
17,0,10,2.5,79,0,1,1,69,88,61,43,72.67,2,1
16,0,10,4.6,84,0,0,0,62,70,43,46,58.33,1,1
18,0,12,1.7,77,1,0,0,61,68,97,74,75.33,2,1
19,1,10,3.8,78,0,1,1,94,65,41,92,66.67,2,1
16,0,12,1.4,61,2,1,1,72,42,61,81,58.33,1,1
15,1,9,3.5,93,1,1,1,78,50,94,88,74.0,2,1
18,1,12,1.4,89,2,1,0,98,43,57,62,66.0,2,1
19,0,11,4.6,93,1,1,1,38,68,79,50,61.67,1,1
15,1,11,3.1,97,0,0,1,78,45,58,77,60.33,1,1
16,0,11,1.4,67,2,1,1,53,52,84,89,63.0,1,1
19,1,12,5.5,94,1,0,1,88,42,84,80,71.33,2,1
14,0,12,3.5,84,1,0,0,39,58,46,41,47.67,0,0
14,0,11,2.6,88,0,0,0,99,39,73,42,70.33,2,1
19,1,10,0.6,94,1,1,1,69,37,69,65,58.33,1,1
15,1,10,2.0,93,0,0,0,65,99,47,68,70.33,2,1
17,0,10,1.3,50,2,0,0,84,53,79,66,72.0,2,1
17,1,10,4.7,53,2,1,0,76,65,91,41,77.33,2,1
15,1,10,1.3,99,1,1,1,36,39,51,65,42.0,0,0
15,1,9,1.4,57,1,0,1,89,39,87,84,71.67,2,1
17,1,11,4.8,56,1,0,1,62,64,74,56,66.67,2,1
17,1,10,1.7,83,1,1,0,42,62,47,62,50.33,1,1
15,0,12,3.8,75,2,1,1,86,74,98,55,86.0,3,1
15,0,9,4.6,89,2,1,0,35,91,42,41,56.0,1,1
16,0,12,5.5,52,1,1,1,56,90,76,87,74.0,2,1
14,0,12,3.1,51,0,1,1,87,95,35,43,72.33,2,1
19,1,12,5.7,63,1,0,0,99,58,86,56,81.0,3,1
14,1,12,3.9,50,2,1,1,65,51,61,82,59.0,1,1
18,1,9,2.3,98,1,0,1,61,97,69,66,75.67,2,1
18,0,11,1.9,59,1,1,0,93,46,86,44,75.0,2,1
19,1,12,4.1,56,1,0,0,83,67,86,56,78.67,2,1
17,0,12,4.7,71,1,0,0,69,36,49,54,51.33,1,1
14,1,12,0.5,88,1,0,0,66,80,95,63,80.33,2,1
18,1,9,1.8,91,1,1,1,88,70,74,56,77.33,2,1
19,1,9,5.7,51,0,1,0,63,37,96,75,65.33,1,1
15,0,12,5.1,91,1,1,1,78,88,81,81,82.33,3,1
14,1,9,2.4,52,0,0,0,55,43,74,81,57.33,1,1
16,1,12,3.6,53,1,0,1,76,50,68,88,64.67,1,1
14,1,10,2.1,61,1,0,1,55,69,68,57,64.0,1,1
19,1,12,1.0,86,1,1,1,65,83,80,46,76.0,2,1
17,0,11,3.1,58,2,0,1,96,98,71,84,88.33,3,1
16,0,10,2.9,53,0,0,1,54,63,41,88,52.67,1,1
15,0,10,4.6,53,2,1,0,40,86,59,64,61.67,1,1
17,1,9,6.0,97,2,0,1,63,79,48,74,63.33,1,1
18,1,12,2.9,87,1,1,1,38,52,50,64,46.67,0,0
14,0,10,1.9,75,0,1,1,72,95,70,76,79.0,2,1
14,0,11,1.0,74,1,0,1,93,58,64,56,71.67,2,1
18,1,9,2.5,98,0,0,1,47,74,76,73,65.67,1,1
19,1,10,3.9,74,2,0,0,43,37,73,68,51.0,1,1
19,1,9,5.6,97,0,0,1,99,84,86,51,89.67,3,1
15,0,10,4.0,63,1,1,1,94,96,49,88,79.67,2,1
15,1,10,3.9,67,0,0,0,87,52,38,93,59.0,1,1
15,0,9,2.6,53,0,1,0,78,90,83,69,83.67,3,1
19,1,9,1.3,56,0,0,1,75,72,97,53,81.33,3,1
16,0,12,4.5,54,0,1,0,72,83,80,41,78.33,2,1
19,0,10,5.8,52,2,0,0,35,63,81,59,59.67,1,1
16,1,12,0.6,91,2,0,1,45,52,98,63,65.0,1,1
18,1,11,5.9,89,2,0,0,47,65,57,65,56.33,1,1
18,1,10,1.9,57,1,1,1,58,60,94,83,70.67,2,1
14,1,11,3.1,88,1,0,0,64,78,36,93,59.33,1,1
17,1,11,2.8,64,1,1,0,54,72,89,73,71.67,2,1
19,0,10,1.2,91,2,1,0,49,99,67,60,71.67,2,1
19,0,10,5.8,95,1,0,1,67,50,37,55,51.33,1,1
18,0,10,0.9,97,0,0,0,52,99,83,44,78.0,2,1
17,1,11,3.7,95,0,1,1,58,41,48,85,49.0,0,0
19,0,10,1.8,89,2,0,0,36,58,59,42,51.0,1,1
19,1,9,4.3,59,1,0,0,65,53,73,56,63.67,1,1
16,1,9,3.8,62,0,1,0,77,67,38,59,60.67,1,1
19,1,10,0.8,51,0,0,1,70,44,44,69,52.67,1,1
17,1,12,5.9,88,2,0,1,73,58,36,77,55.67,1,1
16,0,10,3.3,67,0,0,0,65,82,67,56,71.33,2,1
16,0,10,2.1,65,0,1,0,41,67,66,45,58.0,1,1
15,1,11,5.4,60,2,1,0,38,91,67,57,65.33,1,1
18,0,10,3.1,78,0,0,0,75,63,37,41,58.33,1,1
14,0,9,4.4,54,1,0,0,62,77,96,84,78.33,2,1
18,1,12,0.8,90,0,0,0,69,85,35,58,63.0,1,1
16,1,10,3.9,84,0,1,1,89,58,52,44,66.33,2,1
14,0,10,3.8,88,1,0,1,67,57,36,54,53.33,1,1
15,0,11,1.3,55,1,1,0,50,37,46,67,44.33,0,0
15,1,11,3.3,53,2,0,1,38,68,96,77,67.33,2,1
17,1,12,0.8,98,0,0,1,56,35,73,95,54.67,1,1
19,1,12,3.9,55,2,0,1,67,50,60,62,59.0,1,1
15,0,11,2.0,83,1,0,1,58,83,99,60,80.0,2,1
18,1,9,2.1,83,1,1,1,37,95,59,74,63.67,1,1
14,0,9,1.7,97,0,1,1,81,47,53,53,60.33,1,1
15,0,10,1.0,76,1,1,1,43,76,89,40,69.33,2,1
14,1,11,2.1,58,1,0,0,62,87,66,72,71.67,2,1
18,0,9,1.6,65,0,0,0,45,45,48,54,46.0,0,0
14,0,10,0.7,85,2,1,1,59,95,98,60,84.0,3,1
14,0,10,3.3,80,2,0,0,69,60,75,65,68.0,2,1
16,0,11,0.9,73,1,0,1,45,88,37,76,56.67,1,1
19,1,11,4.5,89,1,1,0,61,83,40,82,61.33,1,1
16,1,10,1.1,58,1,1,1,73,41,38,82,50.67,1,1
16,1,9,2.0,71,2,0,1,76,80,85,92,80.33,2,1
17,0,11,5.2,57,2,0,1,89,56,93,77,79.33,2,1
17,0,10,0.5,100,1,1,1,71,95,87,67,84.33,3,1
16,1,10,3.8,77,1,0,1,41,41,99,91,60.33,1,1
17,0,10,1.0,97,1,0,1,67,57,84,67,69.33,2,1
14,1,10,0.9,83,2,0,0,79,38,69,57,62.0,1,1
16,1,12,2.8,79,1,1,1,96,46,84,95,75.33,2,1
16,0,9,3.6,54,2,0,0,46,75,67,89,62.67,1,1
17,0,9,5.9,50,1,0,1,83,98,62,85,81.0,3,1
16,1,9,4.7,90,0,1,1,59,68,66,63,64.33,1,1
18,0,12,5.4,51,2,0,1,84,46,36,66,55.33,1,1
14,1,11,0.8,62,1,0,0,94,100,58,53,84.0,3,1
15,0,9,0.6,87,1,1,1,67,63,80,50,70.0,2,1
14,0,10,4.8,60,2,0,0,38,51,71,85,53.33,1,1
15,0,10,5.0,65,2,1,1,47,95,56,58,66.0,2,1
14,0,12,4.1,61,1,1,0,53,38,35,43,42.0,0,0
17,1,9,0.7,96,0,0,1,93,89,42,60,74.67,2,1
18,0,10,3.6,84,2,0,0,37,40,42,50,39.67,0,0
16,1,11,2.6,94,0,1,0,79,93,81,77,84.33,3,1
19,1,10,3.5,96,0,0,0,81,51,80,66,70.67,2,1
15,1,11,2.8,75,0,0,0,61,73,59,48,64.33,1,1
18,0,11,1.4,92,0,1,1,64,69,84,95,72.33,2,1
18,0,11,3.6,95,2,0,1,95,75,90,45,86.67,3,1
14,0,12,5.9,88,0,1,1,47,47,52,47,48.67,0,0
19,1,12,4.8,88,0,1,1,97,42,96,78,78.33,2,1
18,0,10,4.2,89,1,0,1,100,47,48,53,65.0,1,1
18,0,10,1.9,95,2,1,0,61,72,97,79,76.67,2,1
15,0,11,4.2,55,0,0,0,96,91,69,72,85.33,3,1
18,1,10,0.5,65,2,1,1,66,59,67,58,64.0,1,1
15,0,11,1.1,65,0,0,1,57,77,37,79,57.0,1,1
17,1,11,2.8,99,1,1,1,88,60,84,69,77.33,2,1
18,1,9,1.9,52,0,0,0,52,46,95,76,64.33,1,1
18,0,12,3.1,80,0,1,0,92,71,74,92,79.0,2,1
18,0,11,1.9,95,1,1,1,46,91,97,51,78.0,2,1
14,1,11,3.0,93,0,0,0,93,44,81,46,72.67,2,1
18,1,10,5.7,84,2,1,0,41,47,47,50,45.0,0,0
15,1,11,4.7,70,2,1,1,94,40,55,53,63.0,1,1
14,1,11,5.2,60,1,1,0,73,96,56,60,75.0,2,1
14,1,9,1.6,72,0,1,1,95,38,78,76,70.33,2,1
19,1,12,2.4,70,1,1,0,81,40,58,85,59.67,1,1
19,0,11,2.2,100,0,1,1,78,67,39,77,61.33,1,1
18,1,12,4.7,65,2,0,0,93,50,89,56,77.33,2,1
17,1,12,1.2,83,1,1,1,91,46,37,83,58.0,1,1
14,0,9,5.5,92,0,0,0,73,70,90,66,77.67,2,1
14,1,9,1.0,78,2,0,0,67,40,39,69,48.67,0,0
14,0,12,2.0,52,2,1,1,55,40,73,79,56.0,1,1
18,1,11,4.6,63,0,0,0,76,73,98,86,82.33,3,1
14,0,9,5.8,81,2,0,1,89,98,45,89,77.33,2,1
15,1,11,1.7,78,2,1,1,56,36,76,53,56.0,1,1
19,0,10,3.3,79,1,0,1,69,83,83,56,78.33,2,1
16,0,9,4.8,87,1,1,0,75,45,77,67,65.67,1,1
15,0,11,3.1,73,0,0,0,63,53,69,61,61.67,1,1
18,1,9,5.3,63,1,0,1,96,79,99,44,91.33,3,1
18,1,10,1.8,53,1,0,0,35,89,100,46,74.67,2,1
14,0,10,1.7,81,1,1,0,52,58,65,60,58.33,1,1
16,0,10,3.7,95,1,0,1,52,57,53,94,54.0,1,1
15,1,11,3.8,95,1,1,0,58,81,70,48,69.67,2,1
16,1,9,4.2,63,1,1,0,67,83,70,71,73.33,2,1
16,1,12,4.9,91,2,1,1,42,79,55,86,58.67,1,1
18,0,11,0.9,81,1,0,1,95,70,85,43,83.33,3,1
18,0,9,1.1,70,0,0,1,78,91,58,46,75.67,2,1
17,1,12,3.5,70,2,0,1,98,94,41,90,77.67,2,1
19,0,10,2.3,87,2,1,0,89,48,37,80,58.0,1,1
19,1,9,2.4,83,0,1,0,96,89,43,92,76.0,2,1
19,1,12,5.7,52,0,1,0,82,87,57,94,75.33,2,1
19,0,10,2.5,95,2,0,1,92,56,81,77,76.33,2,1
15,1,12,2.9,90,1,0,0,89,72,36,48,65.67,1,1
14,0,12,2.0,94,1,1,1,42,59,49,47,50.0,1,1
18,0,9,4.8,58,2,1,0,61,65,49,45,58.33,1,1
18,0,10,3.0,94,2,0,1,37,86,95,48,72.67,2,1
14,1,11,3.4,67,0,0,1,36,54,75,57,55.0,1,1
17,1,9,3.8,77,2,1,1,40,99,73,44,70.67,2,1
15,1,10,1.7,65,2,0,1,35,80,39,83,51.33,1,1
15,0,11,1.6,67,0,0,0,36,75,62,66,57.67,1,1
19,0,12,3.0,69,0,0,0,49,42,49,83,46.67,0,0
17,1,9,4.3,100,0,0,1,83,98,59,61,80.0,2,1
14,0,12,0.5,70,0,0,0,72,57,52,75,60.33,1,1
16,0,11,5.0,76,2,0,1,56,83,100,68,79.67,2,1
19,0,10,2.5,61,1,0,0,37,67,93,53,65.67,1,1
14,1,12,4.4,50,1,0,1,48,39,55,80,47.33,0,0
16,1,10,4.7,56,1,0,1,51,82,68,79,67.0,2,1
19,1,11,1.7,90,1,1,1,73,55,45,46,57.67,1,1
17,0,9,1.9,93,2,1,1,62,74,58,94,64.67,1,1
18,0,12,2.2,73,2,0,0,98,59,83,77,80.0,2,1
18,1,12,5.9,73,1,1,1,97,45,59,90,67.0,2,1
15,0,10,5.6,90,0,1,1,89,57,74,53,73.33,2,1
14,1,11,1.8,57,1,1,1,63,44,85,40,64.0,1,1
14,1,10,3.0,59,2,1,0,80,79,62,44,73.67,2,1
18,0,12,3.3,78,0,0,1,95,59,76,49,76.67,2,1
17,1,9,3.9,50,2,0,1,36,94,96,51,75.33,2,1
15,1,9,3.4,98,0,1,1,100,41,78,61,73.0,2,1
18,0,10,1.5,69,0,0,1,59,93,42,63,64.67,1,1
15,1,11,4.8,56,1,1,0,74,94,98,55,88.67,3,1
16,1,11,0.6,63,1,1,1,82,37,37,92,52.0,1,1
15,1,10,3.9,66,2,0,0,36,92,35,76,54.33,1,1
16,1,9,1.1,93,2,0,1,64,74,46,83,61.33,1,1
18,0,9,3.7,91,0,0,0,80,35,49,65,54.67,1,1
19,0,10,1.0,64,0,0,1,72,54,37,70,54.33,1,1
16,0,9,5.9,72,0,0,0,59,83,47,81,63.0,1,1
15,1,12,3.5,59,2,0,1,56,64,40,54,53.33,1,1
17,1,9,3.6,51,2,1,1,85,83,95,62,87.67,3,1
15,1,9,3.6,85,0,0,1,62,83,72,90,72.33,2,1
15,1,9,5.6,98,0,0,0,52,93,98,67,81.0,3,1
17,1,11,3.0,100,1,0,0,38,84,67,47,63.0,1,1
18,0,9,2.3,80,1,0,1,64,43,55,56,54.0,1,1
15,0,10,1.9,78,1,0,0,81,35,62,93,59.33,1,1
14,1,9,5.6,85,0,0,0,83,61,56,53,66.67,2,1
19,1,11,1.4,75,2,1,0,57,41,94,60,64.0,1,1
14,1,11,5.7,94,2,1,1,85,93,90,56,89.33,3,1
14,0,10,1.4,73,0,0,1,63,93,68,58,74.67,2,1
14,0,10,4.6,94,1,1,0,72,37,89,48,66.0,2,1
15,1,11,0.9,55,1,0,0,65,100,64,92,76.33,2,1
16,1,12,5.4,95,1,0,1,44,56,86,95,62.0,1,1
19,0,12,5.7,60,2,1,1,76,91,36,45,67.67,2,1
14,1,10,4.6,71,1,1,1,94,80,79,82,84.33,3,1
19,1,12,5.4,61,2,0,0,83,76,46,84,68.33,2,1
16,1,10,3.8,100,1,0,1,71,55,83,58,69.67,2,1
17,0,9,4.7,72,0,0,0,42,58,42,65,47.33,0,0
18,0,11,2.6,79,0,1,1,63,65,52,72,60.0,1,1
16,0,9,1.0,69,0,0,1,98,81,43,93,74.0,2,1
18,0,11,5.1,80,1,0,1,42,37,44,42,41.0,0,0
17,0,12,3.5,64,2,0,0,50,64,62,46,58.67,1,1
17,1,11,5.5,54,1,1,1,65,92,36,43,64.33,1,1
16,1,11,5.9,98,1,1,0,84,100,45,42,76.33,2,1
15,1,12,1.8,58,1,0,1,89,38,48,75,58.33,1,1
14,0,10,2.5,56,1,0,0,41,49,50,85,46.67,0,0
17,0,10,3.7,59,1,1,1,51,94,74,66,73.0,2,1
14,0,12,5.5,52,1,0,1,58,63,47,59,56.0,1,1
18,0,12,5.4,77,2,1,0,54,36,73,79,54.33,1,1
15,1,9,2.2,63,2,1,0,89,87,95,40,90.33,3,1
16,1,10,3.0,68,2,1,0,81,52,38,73,57.0,1,1
19,0,9,3.0,78,0,1,0,44,83,95,55,74.0,2,1
17,1,10,5.1,61,0,0,0,61,82,84,48,75.67,2,1
18,1,10,4.4,93,2,1,0,71,88,47,74,68.67,2,1
19,1,10,1.6,53,2,1,0,74,77,41,82,64.0,1,1
19,0,10,0.6,87,1,0,1,62,37,87,40,62.0,1,1
15,0,11,4.0,92,1,0,1,92,86,63,65,80.33,2,1
17,0,12,4.0,65,2,0,0,93,69,86,52,82.67,3,1
15,0,10,3.5,72,2,0,0,92,66,52,80,70.0,2,1
16,1,10,3.3,93,2,1,1,62,47,64,48,57.67,1,1
17,1,10,3.4,64,2,0,1,68,45,43,79,52.0,1,1
14,0,12,4.4,58,0,1,0,49,87,74,47,70.0,2,1
16,1,11,5.9,68,2,0,0,42,92,61,65,65.0,1,1
16,1,12,5.6,77,1,0,1,79,43,59,91,60.33,1,1
16,1,11,0.6,94,0,0,1,67,77,95,94,79.67,2,1
17,0,11,2.5,80,1,1,0,87,55,75,81,72.33,2,1
18,1,11,5.1,70,2,0,0,50,88,80,57,72.67,2,1
15,0,11,2.2,88,0,1,0,47,42,35,47,41.33,0,0
19,1,9,5.1,74,1,0,0,76,59,87,44,74.0,2,1
15,1,9,5.0,90,1,1,1,79,91,45,79,71.67,2,1
19,1,11,1.3,56,1,1,0,36,62,65,68,54.33,1,1
17,1,12,3.0,67,1,0,1,87,37,73,58,65.67,1,1
16,0,9,1.2,50,2,0,0,80,47,90,45,72.33,2,1
15,1,12,5.4,73,2,0,1,69,53,35,72,52.33,1,1
15,1,10,0.6,78,0,1,0,98,80,69,40,82.33,3,1
16,0,11,3.5,75,0,0,1,55,50,89,78,64.67,1,1
18,0,11,2.9,56,1,0,1,41,69,41,95,50.33,1,1
18,1,9,3.7,100,0,0,0,91,58,64,61,71.0,2,1
17,1,12,4.2,99,1,0,1,77,79,45,55,67.0,2,1
15,0,9,3.2,58,0,0,0,82,83,79,80,81.33,3,1
19,0,9,1.3,62,2,0,1,68,37,55,44,53.33,1,1
17,1,10,0.6,96,2,0,0,40,38,59,85,45.67,0,0
14,0,10,2.8,57,1,1,0,91,48,37,63,58.67,1,1
19,1,11,1.5,77,0,0,0,88,77,52,59,72.33,2,1
16,0,9,0.5,86,0,0,0,74,52,83,45,69.67,2,1
18,1,11,5.8,92,1,1,0,82,69,91,57,80.67,2,1
18,0,9,4.8,64,1,1,1,68,77,67,46,70.67,2,1
15,1,10,0.8,72,1,1,0,54,42,78,67,58.0,1,1
14,0,10,1.8,92,1,0,0,97,62,69,74,76.0,2,1
14,1,11,4.4,87,0,0,0,36,70,47,54,51.0,1,1
19,0,10,3.1,91,1,1,0,96,45,60,67,67.0,2,1
18,1,11,2.1,65,2,1,0,46,36,89,47,57.0,1,1
18,0,12,1.4,90,0,1,1,94,52,80,94,75.33,2,1
15,1,12,2.9,74,2,0,1,74,90,86,73,83.33,3,1
14,0,10,3.0,58,2,1,1,80,49,61,52,63.33,1,1
16,0,9,3.6,56,2,1,0,55,47,87,84,63.0,1,1
16,1,10,3.7,95,2,0,0,72,59,41,95,57.33,1,1
17,0,9,0.9,68,1,0,0,60,87,74,61,73.67,2,1
17,1,12,2.5,88,1,1,1,94,92,66,43,84.0,3,1
18,1,9,2.0,85,1,0,0,52,46,64,71,54.0,1,1
16,1,12,2.9,95,2,1,0,39,37,55,62,43.67,0,0
15,1,10,2.0,64,2,1,0,60,78,97,69,78.33,2,1
14,1,10,1.1,84,1,1,1,76,61,91,44,76.0,2,1
14,1,9,3.3,72,2,1,1,84,83,36,91,67.67,2,1
18,1,12,3.2,61,1,0,0,48,36,80,85,54.67,1,1
17,1,10,3.4,92,0,0,0,65,86,55,93,68.67,2,1
14,0,9,2.3,63,0,0,0,52,72,93,95,72.33,2,1
19,1,9,5.9,58,1,1,0,89,70,68,87,75.67,2,1
18,0,9,3.1,91,2,0,0,57,55,68,57,60.0,1,1
17,0,12,2.6,87,0,1,0,75,91,58,70,74.67,2,1
17,1,12,3.9,96,1,0,0,92,80,88,49,86.67,3,1
14,0,12,3.4,59,0,1,0,64,98,56,84,72.67,2,1
17,1,11,2.5,91,1,1,1,86,55,97,80,79.33,2,1
18,1,10,3.8,84,2,0,0,85,63,95,45,81.0,3,1
16,0,11,5.3,74,2,0,0,94,66,94,80,84.67,3,1
18,0,10,0.8,74,1,0,1,64,57,91,93,70.67,2,1
17,1,12,4.8,74,1,1,1,54,56,65,44,58.33,1,1
19,0,12,5.8,89,1,0,1,75,94,63,63,77.33,2,1
14,0,11,2.8,85,2,1,1,91,50,86,49,75.67,2,1
15,1,10,6.0,86,1,0,1,46,51,70,76,55.67,1,1
15,1,12,2.3,56,1,1,1,46,86,83,93,71.67,2,1
19,0,10,3.9,52,2,1,1,70,73,97,65,80.0,2,1
14,0,11,5.8,54,0,1,0,96,94,44,85,78.0,2,1
19,1,11,4.6,63,0,0,1,80,100,37,93,72.33,2,1
16,0,9,5.2,68,1,1,0,36,75,93,93,68.0,2,1
18,0,10,0.8,97,1,1,1,59,80,82,60,73.67,2,1
16,1,10,5.6,78,2,0,0,91,62,100,76,84.33,3,1
18,1,9,2.6,60,2,0,0,49,66,72,89,62.33,1,1
15,0,12,4.9,94,1,1,0,49,43,37,50,43.0,0,0
18,1,9,5.6,60,1,0,1,67,54,70,40,63.67,1,1
18,0,12,4.2,76,1,0,1,41,43,59,83,47.67,0,0
18,1,9,0.6,72,2,0,0,65,90,48,73,67.67,2,1
15,0,11,3.1,94,1,0,0,40,39,45,51,41.33,0,0
19,1,12,4.1,85,2,0,1,79,74,65,58,72.67,2,1
14,0,9,4.8,70,2,1,0,83,69,48,43,66.67,2,1
17,1,11,0.7,50,2,0,0,50,87,88,51,75.0,2,1
16,0,9,5.9,90,2,1,1,60,95,71,71,75.33,2,1
17,1,11,3.8,57,1,1,1,75,37,75,57,62.33,1,1
18,1,11,2.6,83,0,1,1,80,55,85,67,73.33,2,1
14,0,12,5.7,95,1,1,0,64,79,96,58,79.67,2,1
16,1,10,3.2,76,1,0,0,100,46,63,94,69.67,2,1
17,0,11,6.0,91,0,0,0,46,91,71,46,69.33,2,1
17,1,10,1.4,53,1,1,1,88,43,99,70,76.67,2,1
18,1,9,5.8,99,0,0,0,53,72,99,51,74.67,2,1
15,0,12,4.7,99,2,1,1,40,100,76,84,72.0,2,1
14,0,12,1.7,70,0,0,1,65,79,73,91,72.33,2,1
18,0,12,0.7,78,0,0,0,82,44,97,70,74.33,2,1
18,0,11,4.0,78,1,0,0,96,49,54,79,66.33,2,1
16,0,10,3.9,86,0,0,1,48,92,63,78,67.67,2,1
18,1,12,2.3,83,0,1,0,76,88,79,87,81.0,3,1
15,0,10,1.4,86,1,0,1,50,42,91,66,61.0,1,1
19,0,12,2.4,80,0,1,1,63,98,46,53,69.0,2,1
15,0,10,0.6,68,1,0,0,38,99,86,71,74.33,2,1
16,0,12,0.6,66,2,1,1,97,59,91,77,82.33,3,1
19,0,11,4.4,51,1,0,1,57,56,88,46,67.0,2,1
14,1,10,4.9,97,0,1,1,67,67,37,89,57.0,1,1
17,0,11,4.8,60,2,0,1,70,78,55,93,67.67,2,1
14,0,10,2.1,66,2,1,1,55,61,49,70,55.0,1,1
19,0,12,5.7,96,0,1,1,77,80,61,62,72.67,2,1
19,1,11,2.0,69,1,0,1,53,56,96,45,68.33,2,1
19,0,10,3.5,95,2,1,0,51,89,57,53,65.67,1,1
14,0,10,3.2,52,1,0,1,64,38,86,48,62.67,1,1
18,1,11,4.2,57,2,0,0,79,57,38,78,58.0,1,1
14,0,10,4.2,93,2,1,0,73,86,70,93,76.33,2,1
15,1,12,4.4,97,1,1,0,80,77,40,58,65.67,1,1
18,0,11,4.1,100,2,1,1,87,94,99,51,93.33,3,1
14,0,10,5.2,90,0,1,0,98,38,38,65,58.0,1,1
19,0,9,0.6,85,1,1,0,81,92,85,69,86.0,3,1
17,1,12,3.3,80,2,0,1,86,45,47,48,59.33,1,1
14,0,11,1.3,66,1,1,1,50,88,71,58,69.67,2,1
17,0,10,1.7,63,0,0,1,76,69,73,84,72.67,2,1
18,0,12,0.6,67,2,0,0,73,45,86,85,68.0,2,1
17,1,11,2.9,65,0,1,1,38,62,41,48,47.0,0,0
14,0,11,1.9,69,0,1,1,59,99,48,59,68.67,2,1
19,0,9,1.9,67,2,0,0,70,98,43,53,70.33,2,1
17,1,11,5.7,57,2,0,0,82,70,84,87,78.67,2,1
19,1,11,2.9,97,1,0,1,86,49,75,95,70.0,2,1
15,0,10,1.5,78,1,1,1,36,45,74,67,51.67,1,1
19,0,10,2.3,70,2,0,0,60,84,92,44,78.67,2,1
14,0,9,4.5,70,2,1,1,48,48,60,82,52.0,1,1
18,1,12,4.4,69,1,1,1,88,63,92,79,81.0,3,1
18,0,9,5.3,53,0,0,0,58,57,76,52,63.67,1,1
18,1,12,5.1,58,0,1,0,75,83,77,95,78.33,2,1
19,0,12,5.7,56,2,0,0,67,77,66,50,70.0,2,1
17,1,10,5.8,68,1,0,0,54,46,52,79,50.67,1,1
18,0,9,2.8,81,1,0,1,98,65,87,62,83.33,3,1
14,1,12,0.7,57,0,0,1,95,60,66,52,73.67,2,1
19,0,10,5.4,91,2,0,1,70,76,42,48,62.67,1,1
19,1,12,1.8,82,2,0,0,44,66,95,84,68.33,2,1
18,1,9,1.4,86,0,0,0,92,76,41,52,69.67,2,1
17,1,12,3.4,51,2,1,0,79,87,44,70,70.0,2,1
15,1,10,2.7,84,0,0,0,46,85,58,42,63.0,1,1
14,1,9,1.7,98,1,1,1,91,43,100,50,78.0,2,1
15,0,9,4.4,60,1,0,0,39,59,52,79,50.0,1,1
15,1,10,2.3,90,2,0,1,62,57,50,81,56.33,1,1
17,0,11,3.1,89,1,0,1,100,41,69,65,70.0,2,1
16,1,12,1.0,86,2,1,1,48,58,50,77,52.0,1,1
14,0,9,4.0,70,0,1,0,56,45,45,95,48.67,0,0
19,0,12,1.2,51,1,0,0,87,47,84,59,72.67,2,1
16,0,12,3.8,58,1,0,1,90,52,61,75,67.67,2,1
16,0,9,3.1,73,0,1,1,37,42,40,45,39.67,0,0
17,0,9,4.1,89,2,0,1,91,38,61,80,63.33,1,1
19,0,12,5.4,79,2,0,0,93,52,51,81,65.33,1,1
16,0,11,3.4,85,1,0,1,68,75,43,65,62.0,1,1
14,0,12,4.0,52,0,1,1,65,94,55,83,71.33,2,1
16,1,11,4.4,65,1,0,1,71,67,74,45,70.67,2,1
17,0,11,4.2,76,1,0,0,38,57,79,68,58.0,1,1
14,1,10,3.1,77,0,0,0,80,96,43,62,73.0,2,1
18,0,12,5.6,60,1,1,0,84,46,87,61,72.33,2,1
17,0,10,3.3,84,1,1,0,94,37,37,75,56.0,1,1
15,0,9,1.4,95,2,1,1,47,61,39,46,49.0,0,0
15,0,10,2.6,99,2,0,1,47,54,81,74,60.67,1,1
18,0,12,4.9,92,2,0,0,67,44,71,43,60.67,1,1
17,0,9,4.4,82,0,0,0,80,59,80,79,73.0,2,1
19,1,10,0.9,72,0,0,0,65,90,99,45,84.67,3,1
17,0,9,2.1,66,0,0,0,77,68,96,72,80.33,2,1
15,1,9,4.1,65,0,0,1,99,38,73,42,70.0,2,1
16,1,10,4.4,53,2,0,0,99,62,89,75,83.33,3,1
15,0,12,5.7,83,2,0,1,46,49,92,46,62.33,1,1
18,0,11,1.8,88,2,1,1,71,99,49,43,73.0,2,1
19,0,12,4.6,52,1,0,0,62,41,96,53,66.33,2,1
19,0,9,1.2,65,2,0,0,44,38,99,91,60.33,1,1
18,1,10,5.9,66,2,1,1,63,47,77,51,62.33,1,1
16,1,9,4.8,82,1,1,0,81,74,74,92,76.33,2,1
15,1,12,2.5,75,1,0,0,46,97,41,49,61.33,1,1
15,1,10,2.4,98,0,1,1,49,93,94,45,78.67,2,1
17,0,11,2.9,63,2,0,0,96,93,44,85,77.67,2,1
16,0,9,4.8,98,2,0,0,100,74,45,92,73.0,2,1
17,1,11,3.4,68,0,1,0,72,80,46,59,66.0,2,1
16,0,10,4.4,50,0,0,0,80,39,41,66,53.33,1,1
16,1,11,5.0,80,1,0,0,81,53,53,52,62.33,1,1
14,0,10,2.5,71,1,1,0,60,88,87,54,78.33,2,1
19,0,11,1.6,75,0,0,0,56,56,36,85,49.33,0,0
14,0,10,2.4,86,2,1,0,99,42,36,80,59.0,1,1
15,1,10,4.0,100,0,1,0,44,91,56,50,63.67,1,1
18,1,11,4.8,78,1,1,1,88,64,63,89,71.67,2,1
15,0,10,5.9,76,2,0,1,71,98,40,55,69.67,2,1
17,0,10,5.5,79,0,0,1,68,45,77,95,63.33,1,1
14,0,9,3.2,91,0,0,1,84,55,47,67,62.0,1,1
14,0,9,4.1,62,2,0,0,52,72,85,87,69.67,2,1
18,1,12,3.2,68,2,0,0,58,94,78,70,76.67,2,1
17,1,10,3.6,56,0,1,1,98,43,52,68,64.33,1,1
16,1,10,1.7,83,0,1,1,87,58,59,73,68.0,2,1
17,0,11,2.5,75,2,1,0,65,36,35,54,45.33,0,0
17,1,12,5.0,69,1,1,0,96,41,72,64,69.67,2,1
16,0,9,1.6,72,0,0,1,59,54,48,44,53.67,1,1
17,0,11,4.1,68,2,0,0,47,37,35,79,39.67,0,0
15,0,9,1.1,88,1,1,1,59,66,71,63,65.33,1,1
14,1,12,0.9,72,2,0,1,77,60,43,71,60.0,1,1
19,0,9,4.4,66,0,1,1,38,71,79,90,62.67,1,1
14,0,11,4.3,93,0,0,1,42,90,88,50,73.33,2,1
15,1,12,4.9,78,2,0,0,91,82,63,76,78.67,2,1
16,0,11,4.5,84,2,1,1,100,83,42,77,75.0,2,1
16,0,11,3.8,90,2,1,0,74,95,67,45,78.67,2,1
18,1,12,1.3,56,1,1,0,53,45,35,52,44.33,0,0
19,0,12,5.7,79,0,1,0,84,89,97,47,90.0,3,1
18,0,10,2.0,79,1,0,1,100,87,82,94,89.67,3,1
19,0,12,5.3,63,1,1,1,83,48,71,48,67.33,2,1
14,1,11,4.2,60,0,0,1,45,68,65,78,59.33,1,1
19,1,11,1.1,64,2,1,0,41,53,46,77,46.67,0,0
15,0,9,2.9,97,2,0,0,45,47,43,57,45.0,0,0
18,0,10,4.2,98,0,1,0,67,97,36,88,66.67,2,1
16,1,12,5.1,76,2,1,0,78,45,42,48,55.0,1,1
18,0,11,5.1,51,2,1,0,72,69,58,92,66.33,2,1
18,1,11,3.5,91,1,0,0,66,39,47,75,50.67,1,1
15,0,10,3.4,60,0,1,0,38,69,43,79,50.0,1,1
15,1,12,2.9,100,2,1,0,42,42,36,57,40.0,0,0
17,0,10,1.7,77,2,1,1,57,71,80,76,69.33,2,1
15,0,10,5.7,53,1,0,1,70,81,50,47,67.0,2,1
16,1,9,3.1,75,1,0,0,87,53,85,43,75.0,2,1
19,1,11,1.5,62,1,1,0,80,58,55,81,64.33,1,1
14,1,11,5.5,80,2,0,1,50,93,77,80,73.33,2,1
14,0,12,2.4,93,0,0,1,71,91,41,87,67.67,2,1
18,0,12,1.2,96,2,0,0,39,81,79,51,66.33,2,1
16,0,12,3.4,68,0,0,1,54,57,77,46,62.67,1,1
18,0,10,0.6,80,0,1,1,51,84,42,55,59.0,1,1
19,1,12,2.2,91,0,1,0,59,44,45,80,49.33,0,0
15,0,11,5.3,75,1,0,0,37,44,85,83,55.33,1,1
19,1,10,5.5,68,1,0,1,93,52,48,94,64.33,1,1
19,0,10,4.9,93,1,1,0,58,55,39,71,50.67,1,1
14,1,9,3.1,50,2,0,0,85,93,77,68,85.0,3,1
15,0,10,0.7,51,2,0,0,73,46,75,65,64.67,1,1
18,0,10,2.2,92,1,1,0,78,45,61,68,61.33,1,1
16,0,9,3.9,52,2,0,0,69,86,92,73,82.33,3,1
19,0,12,5.4,66,2,1,1,59,93,38,87,63.33,1,1
16,1,11,0.9,54,1,0,0,92,79,67,47,79.33,2,1
17,0,9,1.0,71,2,1,1,91,61,85,51,79.0,2,1
18,0,10,3.4,61,2,1,1,96,83,99,70,92.67,3,1
15,0,10,2.4,81,2,0,0,74,68,81,68,74.33,2,1
19,1,10,2.0,59,2,1,1,66,88,48,57,67.33,2,1
14,0,12,1.2,55,1,1,0,52,43,91,41,62.0,1,1
14,0,12,5.7,100,0,0,1,61,56,50,80,55.67,1,1
14,1,9,4.6,64,1,1,0,61,69,62,71,64.0,1,1
16,0,9,5.5,50,1,0,0,65,82,95,67,80.67,2,1
16,0,12,2.2,83,2,1,1,35,58,49,68,47.33,0,0
17,1,11,3.8,65,2,0,0,35,45,63,47,47.67,0,0
17,1,10,4.8,94,0,1,1,49,75,82,75,68.67,2,1
18,1,9,4.4,60,0,0,0,82,97,81,92,86.67,3,1
18,0,10,5.1,59,1,1,1,60,56,63,87,59.67,1,1
17,1,10,4.1,85,0,1,1,68,38,85,92,63.67,1,1
16,0,12,4.7,72,2,0,0,56,66,84,47,68.67,2,1
14,1,11,5.1,83,0,0,1,64,49,43,80,52.0,1,1
18,1,12,5.9,69,1,0,1,95,99,90,41,94.67,3,1
19,0,11,1.7,86,0,1,0,46,93,61,56,66.67,2,1
16,0,12,5.3,72,2,1,1,99,76,78,46,84.33,3,1
16,1,12,2.7,94,0,0,0,71,44,67,92,60.67,1,1
15,0,11,2.8,89,0,0,0,41,48,57,45,48.67,0,0
15,1,9,0.5,87,2,1,0,47,38,58,52,47.67,0,0
17,1,9,4.4,67,2,1,0,46,69,93,75,69.33,2,1
19,0,10,1.5,78,0,1,1,93,35,74,59,67.33,2,1
16,0,11,5.9,86,2,0,0,66,68,80,94,71.33,2,1
17,1,9,4.2,90,1,0,1,81,59,66,57,68.67,2,1
18,0,9,1.9,57,1,1,1,48,60,58,47,55.33,1,1
17,0,11,3.8,72,2,0,0,92,39,85,56,72.0,2,1
14,1,9,1.6,90,0,1,1,39,66,58,81,54.33,1,1
18,1,10,1.0,86,2,1,1,96,87,41,47,74.67,2,1
14,0,12,3.2,84,1,1,0,96,47,60,52,67.67,2,1
17,1,12,1.0,63,0,0,1,73,42,87,47,67.33,2,1
17,0,11,4.0,56,1,0,0,86,56,99,79,80.33,2,1
16,1,9,3.2,52,2,0,1,53,51,49,40,51.0,1,1
17,1,11,0.7,89,2,0,0,91,35,64,48,63.33,1,1
19,0,12,3.3,58,1,1,0,50,60,99,60,69.67,2,1
15,0,9,3.0,72,0,1,1,43,93,81,51,72.33,2,1
14,0,12,3.4,51,0,1,0,88,46,57,78,63.67,1,1
18,1,10,5.1,54,1,1,0,61,44,79,43,61.33,1,1
15,0,11,1.5,85,0,0,0,73,52,74,89,66.33,2,1
18,1,11,2.0,99,0,1,0,97,62,81,53,80.0,2,1
17,1,10,0.9,58,1,0,1,49,68,99,80,72.0,2,1
14,1,10,1.4,75,0,0,1,37,83,41,40,53.67,1,1
18,0,11,1.0,57,2,0,1,56,55,72,91,61.0,1,1
18,0,12,3.1,83,1,1,1,61,70,74,66,68.33,2,1
14,0,10,1.2,60,1,1,0,79,97,36,45,70.67,2,1
18,0,12,3.8,85,1,1,0,53,55,43,79,50.33,1,1
16,0,10,4.1,81,1,0,0,81,58,67,46,68.67,2,1
17,1,12,3.1,70,0,1,1,70,71,77,91,72.67,2,1
14,1,12,4.2,94,2,1,1,39,81,63,63,61.0,1,1
19,1,12,0.7,61,2,0,1,81,77,91,90,83.0,3,1
17,0,12,5.7,67,0,0,0,54,58,61,87,57.67,1,1
19,1,9,4.4,87,1,1,1,42,35,93,91,56.67,1,1
16,1,11,2.9,98,2,0,0,58,38,81,84,59.0,1,1
16,0,12,1.2,81,2,1,1,73,49,42,92,54.67,1,1
18,1,11,2.4,76,0,1,0,95,42,99,45,78.67,2,1
19,1,9,3.5,97,1,0,1,94,79,44,57,72.33,2,1
17,1,11,1.6,56,2,0,1,49,86,86,44,73.67,2,1
15,1,12,5.2,51,2,0,1,98,63,94,59,85.0,3,1
19,1,9,4.1,65,1,1,0,54,99,94,49,82.33,3,1
16,0,9,3.7,89,0,0,1,89,71,97,90,85.67,3,1
19,1,12,4.5,93,1,1,1,37,57,89,69,61.0,1,1
19,0,11,3.1,79,0,1,1,60,61,39,94,53.33,1,1
16,1,11,4.7,90,1,1,0,79,51,88,88,72.67,2,1
19,1,9,4.2,81,0,0,1,39,40,87,44,55.33,1,1
17,1,9,5.4,76,0,1,0,72,77,42,65,63.67,1,1
14,1,10,5.1,51,1,1,1,51,91,91,64,77.67,2,1
17,0,11,4.7,92,1,0,0,45,52,37,68,44.67,0,0
18,0,12,4.4,82,2,0,0,71,97,56,45,74.67,2,1
17,1,10,2.8,75,0,1,0,76,76,90,89,80.67,2,1
15,1,12,1.3,85,1,0,1,44,97,43,70,61.33,1,1
15,1,10,3.3,79,1,1,0,94,68,83,74,81.67,3,1
19,0,11,4.2,78,2,0,0,86,48,59,94,64.33,1,1
19,0,12,3.4,52,1,0,1,67,59,41,48,55.67,1,1
18,0,12,2.2,89,0,0,0,55,99,50,61,68.0,2,1
18,1,11,2.7,75,2,1,1,47,42,100,51,63.0,1,1
19,0,10,3.6,93,1,0,0,67,38,40,57,48.33,0,0
19,1,10,3.2,84,1,0,1,80,91,66,89,79.0,2,1
17,0,10,0.8,63,1,0,0,96,61,85,57,80.67,2,1
17,1,12,1.1,91,0,0,0,73,50,96,44,73.0,2,1
17,0,10,4.1,93,0,1,0,100,56,69,45,75.0,2,1
15,1,9,2.0,99,2,0,1,73,48,40,95,53.67,1,1
18,0,10,3.4,78,2,0,0,76,94,44,84,71.33,2,1
14,0,9,4.0,54,2,0,1,60,69,90,79,73.0,2,1
18,1,10,3.7,95,1,0,1,50,88,87,62,75.0,2,1
17,1,9,2.0,80,0,1,1,52,42,95,85,63.0,1,1
16,0,12,5.5,62,1,0,0,80,67,40,74,62.33,1,1
15,1,11,1.2,62,2,0,1,69,80,72,82,73.67,2,1
18,1,11,3.6,53,1,0,0,53,78,61,94,64.0,1,1
15,0,10,1.2,51,1,1,0,85,79,94,69,86.0,3,1
16,0,9,0.9,97,0,1,1,54,91,67,40,70.67,2,1
14,1,11,0.9,92,1,1,0,88,56,40,90,61.33,1,1
17,0,11,1.5,54,1,0,0,93,65,59,85,72.33,2,1
19,1,12,1.5,83,1,1,0,85,82,97,75,88.0,3,1
17,0,11,0.7,56,2,1,1,69,35,37,82,47.0,0,0
15,0,9,1.0,63,2,1,0,57,79,90,91,75.33,2,1
18,1,10,2.4,58,1,0,1,69,36,83,89,62.67,1,1
19,0,12,1.7,85,0,0,0,81,81,71,74,77.67,2,1
17,0,11,1.7,75,0,1,0,74,73,61,52,69.33,2,1
16,0,12,2.1,87,2,1,1,71,54,67,49,64.0,1,1
19,1,11,1.3,55,2,0,1,94,47,61,73,67.33,2,1
14,1,9,1.9,85,2,0,1,74,60,100,69,78.0,2,1
14,0,12,1.6,63,2,0,1,49,41,100,40,63.33,1,1
18,0,11,4.4,81,2,0,1,76,63,42,80,60.33,1,1
15,1,10,5.4,85,0,0,1,76,71,63,83,70.0,2,1
19,0,10,3.8,58,1,1,0,78,56,48,75,60.67,1,1
18,1,10,3.4,68,0,0,1,57,44,82,65,61.0,1,1
14,1,12,3.1,60,1,1,0,84,51,44,51,59.67,1,1
19,0,10,2.0,79,1,1,1,74,51,79,47,68.0,2,1
16,1,12,0.8,50,2,1,1,44,41,52,48,45.67,0,0
19,0,12,5.6,53,2,0,0,87,98,89,77,91.33,3,1
16,0,12,3.6,60,2,1,1,66,59,58,82,61.0,1,1
15,1,10,3.7,80,2,0,1,95,62,46,95,67.67,2,1
16,0,9,5.5,57,1,0,0,47,57,65,83,56.33,1,1
19,1,9,3.6,68,0,0,1,89,36,80,71,68.33,2,1
19,0,9,4.3,82,0,0,0,88,38,49,42,58.33,1,1
14,1,10,5.5,57,0,1,0,52,41,90,61,61.0,1,1
18,1,10,4.8,73,1,1,1,85,63,51,49,66.33,2,1
14,1,9,1.6,61,2,0,0,77,94,80,55,83.67,3,1
16,0,9,2.2,87,1,0,1,54,94,58,84,68.67,2,1
16,0,11,3.9,66,0,0,1,73,35,92,91,66.67,2,1
14,1,9,5.2,91,1,1,0,57,87,68,59,70.67,2,1
19,1,12,1.3,82,1,0,1,85,93,98,87,92.0,3,1
15,1,11,2.7,99,0,1,1,87,54,67,55,69.33,2,1
19,1,11,1.2,93,2,1,0,48,63,53,65,54.67,1,1
17,1,12,4.9,74,0,0,1,96,72,99,40,89.0,3,1
14,1,10,1.2,65,1,1,0,51,96,73,88,73.33,2,1
15,1,9,2.8,75,1,1,1,58,71,47,58,58.67,1,1
15,1,9,0.7,67,0,0,1,83,68,82,58,77.67,2,1
19,0,11,1.8,79,0,0,1,42,93,57,77,64.0,1,1
15,1,11,1.1,81,1,1,1,81,96,92,65,89.67,3,1
15,0,10,3.9,100,1,1,1,70,62,75,82,69.0,2,1
16,0,11,2.5,96,1,0,1,41,100,36,85,59.0,1,1
16,0,11,2.9,73,2,1,1,70,62,85,71,72.33,2,1
17,1,9,0.7,70,2,0,0,79,40,59,63,59.33,1,1
15,1,11,2.8,72,1,1,1,60,45,36,41,47.0,0,0
19,1,10,3.9,91,2,0,1,68,36,99,87,67.67,2,1
16,1,12,2.8,82,1,0,0,89,79,57,71,75.0,2,1
16,0,9,1.8,75,1,0,0,74,57,45,74,58.67,1,1
18,0,11,4.6,57,2,0,0,55,36,70,88,53.67,1,1
18,1,12,1.6,80,2,1,0,38,39,54,54,43.67,0,0
18,0,9,0.6,72,2,1,1,69,64,53,75,62.0,1,1
16,1,12,2.8,59,0,0,1,84,66,51,83,67.0,2,1
19,1,9,0.6,97,2,0,1,59,55,100,94,71.33,2,1
18,1,10,0.5,79,0,0,0,55,82,75,66,70.67,2,1
18,1,9,2.9,51,0,1,1,69,75,82,51,75.33,2,1
16,1,11,5.9,66,0,0,0,71,63,50,74,61.33,1,1
16,1,10,5.4,93,2,0,0,80,80,62,93,74.0,2,1
14,0,10,5.9,90,1,0,1,80,77,85,92,80.67,2,1
14,0,9,5.0,57,0,1,0,92,65,90,55,82.33,3,1
17,1,9,2.0,97,0,0,0,77,37,78,72,64.0,1,1
16,1,9,1.0,61,2,1,0,51,45,67,76,54.33,1,1
15,1,11,2.1,83,0,1,0,58,45,64,45,55.67,1,1
16,0,11,1.4,82,1,1,1,39,57,36,72,44.0,0,0
15,0,12,5.4,67,0,0,0,56,41,84,79,60.33,1,1
19,1,12,3.1,100,0,0,1,48,48,51,60,49.0,0,0
17,0,10,5.3,82,2,1,1,68,100,96,79,88.0,3,1
16,1,10,4.5,94,0,0,1,87,91,42,40,73.33,2,1
16,1,12,4.2,93,0,1,1,91,60,72,89,74.33,2,1
19,0,9,5.0,51,2,0,1,69,88,39,72,65.33,1,1
14,1,10,1.4,86,2,1,0,55,57,36,63,49.33,0,0
17,0,9,3.0,50,2,0,0,67,91,88,62,82.0,3,1
19,0,10,1.7,73,0,1,1,80,52,56,53,62.67,1,1
18,1,10,5.8,85,0,0,1,47,81,85,70,71.0,2,1
15,1,11,1.6,59,2,0,1,53,79,46,57,59.33,1,1
16,1,9,4.0,53,2,1,1,41,96,89,89,75.33,2,1
19,1,10,4.2,66,1,0,0,76,99,75,94,83.33,3,1
15,1,9,1.9,72,1,1,1,72,53,49,92,58.0,1,1
18,0,10,5.2,92,1,0,1,93,41,42,75,58.67,1,1
18,1,11,1.8,95,0,0,1,57,90,85,48,77.33,2,1
19,1,10,3.4,72,0,1,1,58,94,36,47,62.67,1,1
18,0,9,3.9,79,2,1,1,78,44,73,77,65.0,1,1
14,1,11,3.4,52,2,1,0,55,42,93,75,63.33,1,1
17,1,10,2.7,98,2,0,1,71,38,82,85,63.67,1,1
15,0,11,1.3,53,1,0,1,57,56,89,44,67.33,2,1
15,0,12,4.7,62,0,0,1,82,61,56,82,66.33,2,1
16,1,11,4.6,50,2,0,1,40,93,40,95,57.67,1,1
15,0,9,5.0,100,1,1,0,45,48,88,55,60.33,1,1
15,1,9,5.8,90,2,1,0,93,70,85,87,82.67,3,1
14,1,12,3.3,63,0,0,0,59,70,98,54,75.67,2,1
14,0,12,4.1,53,0,1,1,86,77,68,44,77.0,2,1
17,1,11,3.4,65,0,1,0,42,57,36,77,45.0,0,0
14,1,9,2.5,73,1,1,0,80,71,95,57,82.0,3,1
17,1,12,2.0,80,2,1,1,69,49,88,73,68.67,2,1
19,1,11,4.4,62,2,0,0,75,81,95,43,83.67,3,1
18,1,10,1.3,55,0,1,1,99,51,72,59,74.0,2,1
16,1,11,3.2,54,2,0,1,42,79,48,40,56.33,1,1
18,0,9,4.0,84,2,1,1,89,71,69,45,76.33,2,1
17,0,10,4.5,93,2,0,1,51,39,70,40,53.33,1,1
18,0,12,4.9,52,0,0,0,77,39,98,68,71.33,2,1
16,0,10,2.6,94,1,1,0,69,40,98,81,69.0,2,1
19,0,10,3.4,93,0,0,1,42,94,37,43,57.67,1,1
18,0,10,5.4,84,2,0,1,56,40,93,82,63.0,1,1
15,0,11,2.1,74,1,1,1,88,93,82,79,87.67,3,1
17,1,12,5.2,96,1,0,1,41,50,50,55,47.0,0,0
14,1,9,3.9,72,0,0,1,69,57,97,73,74.33,2,1
18,1,9,2.0,89,1,1,0,65,45,40,47,50.0,1,1
19,0,11,1.0,60,0,1,1,84,96,64,92,81.33,3,1
14,1,9,1.7,92,0,0,0,57,65,76,44,66.0,2,1
17,0,12,5.4,99,1,0,1,72,90,35,51,65.67,1,1
19,0,9,3.7,64,1,1,0,73,63,60,53,65.33,1,1
15,0,9,5.8,78,0,1,1,93,64,65,88,74.0,2,1
19,1,12,4.3,69,2,1,1,36,86,77,59,66.33,2,1
16,1,12,2.6,77,2,1,0,90,65,58,46,71.0,2,1
17,1,12,3.3,66,2,0,0,84,35,72,40,63.67,1,1
19,1,12,5.8,76,1,1,0,84,86,67,46,79.0,2,1
18,0,12,1.3,93,1,1,0,46,47,67,75,53.33,1,1
18,1,10,1.0,55,0,1,1,88,80,43,47,70.33,2,1
17,1,9,3.2,61,2,0,1,76,53,92,47,73.67,2,1
17,1,12,1.4,93,2,1,1,74,82,44,80,66.67,2,1
19,0,12,1.3,92,1,0,0,60,49,94,63,67.67,2,1
16,0,12,2.0,64,2,1,1,97,81,68,87,82.0,3,1
19,1,12,3.7,90,0,0,0,92,73,47,52,70.67,2,1
19,0,11,5.3,63,0,1,0,80,37,80,61,65.67,1,1
15,0,10,5.4,96,2,1,1,72,57,100,49,76.33,2,1
18,1,12,0.8,72,1,1,0,85,70,67,70,74.0,2,1
14,1,9,5.0,98,0,0,1,56,47,47,68,50.0,1,1
19,1,12,5.3,60,2,1,1,70,79,73,55,74.0,2,1
14,0,10,2.1,91,2,0,1,100,93,94,64,95.67,3,1
19,0,12,0.6,55,2,0,1,46,94,62,42,67.33,2,1
14,0,12,3.3,99,0,0,0,37,38,72,58,49.0,0,0
19,0,12,1.6,66,0,0,1,73,37,36,89,48.67,0,0
16,0,12,3.9,77,0,0,0,51,87,50,57,62.67,1,1
18,0,9,4.2,100,0,1,1,43,76,46,61,55.0,1,1
19,1,11,2.2,80,2,1,0,78,70,92,52,80.0,2,1
18,0,9,3.4,69,0,0,1,100,81,89,72,90.0,3,1
15,0,11,1.5,99,0,1,0,69,44,73,57,62.0,1,1
17,0,11,2.6,70,1,0,1,89,51,87,76,75.67,2,1
18,0,9,1.5,98,1,1,1,91,47,65,47,67.67,2,1
17,0,12,2.6,100,2,1,1,95,64,84,74,81.0,3,1
19,1,10,1.2,62,0,1,1,37,86,94,85,72.33,2,1
17,1,11,5.3,98,0,0,0,49,71,51,52,57.0,1,1
19,0,10,4.0,96,0,0,0,50,95,82,71,75.67,2,1
14,1,12,5.2,55,0,1,0,94,42,64,82,66.67,2,1
14,1,12,0.9,95,2,0,0,92,63,94,51,83.0,3,1
18,1,11,4.0,83,1,1,0,78,58,52,41,62.67,1,1
19,0,11,1.8,97,1,1,1,92,78,88,74,86.0,3,1
19,1,9,5.1,95,0,0,1,68,38,40,63,48.67,0,0
19,0,12,1.9,63,1,1,0,79,46,79,87,68.0,2,1
19,1,9,5.7,75,2,0,1,91,37,90,58,72.67,2,1
17,0,12,1.4,68,0,1,1,86,97,82,66,88.33,3,1
14,0,10,5.2,77,1,0,1,83,52,61,88,65.33,1,1
17,1,11,0.8,58,1,0,0,59,62,60,63,60.33,1,1
17,0,10,1.8,78,0,1,1,62,96,58,95,72.0,2,1
15,0,12,1.8,66,1,1,0,69,91,79,61,79.67,2,1
17,1,9,2.6,56,0,1,1,36,66,70,46,57.33,1,1
18,1,11,2.4,99,0,1,1,39,100,57,82,65.33,1,1
17,0,9,5.3,82,0,0,1,42,80,84,82,68.67,2,1
18,0,11,4.7,58,2,0,0,86,51,90,89,75.67,2,1
14,1,9,5.6,54,0,0,0,67,81,62,62,70.0,2,1
19,1,11,5.4,69,2,0,0,94,98,44,76,78.67,2,1
19,1,12,2.8,54,1,0,1,96,62,36,79,64.67,1,1
15,1,9,3.5,87,2,1,0,57,90,77,47,74.67,2,1
18,0,12,5.2,93,0,0,1,40,78,37,88,51.67,1,1
16,0,10,2.7,88,1,1,0,56,78,98,50,77.33,2,1
14,1,10,5.6,71,2,1,1,78,52,46,92,58.67,1,1
15,1,10,1.6,93,0,0,1,80,93,71,53,81.33,3,1
19,0,12,5.6,82,0,1,1,67,96,83,88,82.0,3,1
19,1,9,2.8,57,2,1,1,72,78,37,89,62.33,1,1
15,1,12,1.9,77,2,1,0,57,44,62,61,54.33,1,1
18,1,12,4.7,77,1,1,1,82,39,45,63,55.33,1,1
17,1,10,5.7,74,0,1,0,43,78,58,79,59.67,1,1
18,1,12,2.2,53,0,1,0,56,55,46,85,52.33,1,1
16,0,11,3.6,86,0,0,1,59,66,69,54,64.67,1,1
19,0,10,2.0,71,1,0,1,59,78,89,49,75.33,2,1
19,1,9,2.7,88,1,1,0,56,47,80,80,61.0,1,1
14,1,12,5.5,100,0,0,1,92,91,65,59,82.67,3,1
16,0,12,5.6,57,2,1,0,79,100,75,51,84.67,3,1
17,1,9,1.1,93,2,0,1,96,92,52,46,80.0,2,1
17,0,9,3.9,56,2,1,1,78,92,73,79,81.0,3,1
14,1,11,4.2,98,0,0,1,81,40,53,41,58.0,1,1
18,1,11,5.8,90,2,1,0,41,49,69,89,53.0,1,1
15,1,11,1.7,100,0,1,1,79,37,44,83,53.33,1,1
18,0,12,4.8,72,1,1,1,67,57,71,80,65.0,1,1
14,1,10,3.0,77,1,0,0,37,71,70,90,59.33,1,1
18,0,12,4.9,83,2,0,0,94,89,96,84,93.0,3,1
17,0,11,4.1,57,1,0,0,47,73,52,87,57.33,1,1
18,1,12,3.5,79,0,1,1,96,65,65,63,75.33,2,1
15,0,10,1.6,80,2,1,1,49,37,72,63,52.67,1,1
19,1,9,1.3,96,2,0,1,66,98,95,48,86.33,3,1
15,1,10,3.8,66,2,1,1,62,73,76,59,70.33,2,1
17,1,12,4.5,98,1,0,1,49,82,91,70,74.0,2,1
18,0,10,0.7,64,0,1,1,90,79,67,52,78.67,2,1
19,0,9,2.0,74,2,0,1,73,91,83,60,82.33,3,1
14,0,11,3.0,50,1,1,0,42,56,61,43,53.0,1,1
16,0,11,3.6,80,2,0,1,52,100,53,48,68.33,2,1
16,1,9,0.6,80,0,1,1,84,62,36,47,60.67,1,1
17,1,10,2.4,68,2,1,0,57,56,37,62,50.0,1,1
15,1,11,1.8,51,2,1,1,35,58,69,49,54.0,1,1
16,1,11,1.8,90,2,0,1,72,56,75,80,67.67,2,1
18,1,9,5.0,53,1,1,1,54,51,36,88,47.0,0,0
18,1,10,4.4,67,2,0,1,49,51,47,65,49.0,0,0
18,0,10,3.7,93,0,0,0,64,41,77,57,60.67,1,1
17,1,12,0.8,62,2,0,0,44,66,40,95,50.0,1,1
15,1,9,0.8,97,1,0,0,70,86,49,87,68.33,2,1
18,1,12,1.9,57,1,1,0,63,49,35,57,49.0,0,0
14,0,10,4.6,82,2,0,1,68,86,53,82,69.0,2,1
17,0,12,5.3,62,1,0,0,75,51,87,48,71.0,2,1
16,0,12,5.4,83,0,0,1,35,61,63,50,53.0,1,1
17,0,12,5.6,50,0,0,0,65,88,90,46,81.0,3,1
16,1,10,4.3,66,1,0,0,71,55,59,50,61.67,1,1
16,1,9,2.9,72,1,0,0,39,95,97,49,77.0,2,1
16,0,12,4.1,57,0,1,1,73,71,70,58,71.33,2,1
15,0,9,2.0,83,1,1,1,35,56,65,44,52.0,1,1
16,1,10,4.4,66,1,1,1,38,94,66,84,66.0,2,1
14,0,9,5.5,58,2,0,0,66,51,88,48,68.33,2,1
16,1,11,2.1,61,0,1,0,40,64,87,84,63.67,1,1
18,1,11,4.4,50,2,0,0,53,74,55,44,60.67,1,1
14,1,10,4.9,94,2,1,1,76,52,37,80,55.0,1,1
17,1,11,2.2,63,0,0,1,71,38,88,41,65.67,1,1
17,1,11,5.6,58,0,1,1,91,77,43,57,70.33,2,1
16,0,9,2.6,56,2,0,1,84,81,61,51,75.33,2,1
18,0,11,3.4,57,0,1,1,82,73,96,76,83.67,3,1
16,0,11,3.6,62,1,1,0,75,68,90,88,77.67,2,1
14,1,12,3.5,65,1,1,0,79,85,49,83,71.0,2,1
18,0,10,1.0,93,2,1,0,71,83,99,47,84.33,3,1
16,1,10,1.7,59,1,0,0,56,38,84,63,59.33,1,1
16,0,12,4.8,51,2,1,1,57,90,57,54,68.0,2,1
17,1,11,3.2,56,1,1,0,41,41,88,58,56.67,1,1
17,1,9,4.2,85,1,0,0,100,65,72,86,79.0,2,1
19,1,10,3.6,90,1,1,0,44,63,74,77,60.33,1,1
15,0,9,5.6,97,2,1,0,87,55,64,81,68.67,2,1
17,1,10,2.2,60,2,1,0,100,77,69,77,82.0,3,1
19,0,9,4.5,87,2,1,0,62,35,82,66,59.67,1,1
15,1,10,5.4,100,2,0,1,85,74,84,65,81.0,3,1
18,1,11,3.2,67,1,1,0,41,53,89,66,61.0,1,1
16,0,10,3.8,62,2,1,0,87,39,88,78,71.33,2,1
15,1,10,5.3,54,1,0,1,72,89,55,69,72.0,2,1
15,0,10,2.5,69,0,0,1,65,71,44,67,60.0,1,1
16,1,10,6.0,86,2,1,0,40,91,100,91,77.0,2,1
16,1,12,3.5,67,1,1,1,51,89,96,76,78.67,2,1
14,0,12,1.2,61,0,1,1,54,46,82,61,60.67,1,1
14,1,10,3.0,74,1,1,0,97,35,91,83,74.33,2,1
15,0,12,5.8,85,2,0,0,76,79,66,89,73.67,2,1
15,1,11,4.0,71,2,0,1,54,98,93,41,81.67,3,1
18,1,12,3.0,55,1,0,0,41,44,52,75,45.67,0,0
19,0,11,4.3,72,1,1,0,43,68,60,51,57.0,1,1
15,0,12,4.6,84,1,0,0,41,50,46,46,45.67,0,0
14,1,11,1.4,50,0,0,1,84,90,73,57,82.33,3,1
19,0,10,5.4,79,2,0,1,68,65,64,59,65.67,1,1
15,0,10,4.5,94,1,1,1,80,78,96,73,84.67,3,1
15,0,10,3.5,91,2,0,0,49,74,43,78,55.33,1,1
14,1,12,1.6,56,1,1,1,41,85,70,85,65.33,1,1
18,1,9,0.9,65,0,1,1,42,56,72,89,56.67,1,1
16,1,9,4.6,95,0,0,0,36,60,43,73,46.33,0,0
19,0,10,3.0,73,2,1,1,80,76,52,87,69.33,2,1
18,1,11,1.2,88,2,1,1,37,64,58,67,53.0,1,1
19,0,10,3.2,50,2,1,0,68,68,45,87,60.33,1,1
15,1,12,3.0,94,0,1,1,90,50,46,53,62.0,1,1
19,0,10,2.8,55,0,0,1,87,56,53,74,65.33,1,1
14,0,9,1.2,97,0,1,0,62,59,66,83,62.33,1,1
14,1,11,3.5,77,1,0,0,36,91,95,79,74.0,2,1
19,1,12,1.0,100,1,1,0,62,97,58,66,72.33,2,1
19,1,12,1.0,82,1,0,1,93,53,71,91,72.33,2,1
16,1,10,2.5,81,0,1,0,52,81,94,58,75.67,2,1
17,0,11,4.6,82,2,1,1,59,74,71,44,68.0,2,1
18,0,11,2.4,87,1,0,0,98,74,60,53,77.33,2,1
18,1,10,5.8,85,2,0,0,73,41,72,51,62.0,1,1
16,1,9,4.4,86,2,1,0,61,83,70,77,71.33,2,1
14,1,12,1.7,50,1,0,0,38,97,52,43,62.33,1,1
19,1,9,2.0,60,1,1,0,86,92,94,65,90.67,3,1
15,0,12,1.8,52,0,0,0,74,79,75,50,76.0,2,1
18,1,9,3.8,79,1,0,0,58,98,97,76,84.33,3,1
17,1,10,2.7,93,1,0,0,73,77,58,76,69.33,2,1
16,1,11,1.7,60,0,1,0,70,69,66,61,68.33,2,1
15,0,12,4.5,81,0,0,0,72,69,73,74,71.33,2,1
18,1,10,0.6,69,0,1,0,47,94,49,59,63.33,1,1
14,1,12,4.8,57,2,1,0,36,65,63,81,54.67,1,1
17,1,9,5.8,75,2,1,1,62,95,67,40,74.67,2,1
15,1,9,3.2,98,1,1,0,59,75,67,68,67.0,2,1
16,1,9,4.9,89,2,0,1,97,43,65,40,68.33,2,1
19,1,12,4.6,78,1,0,0,59,97,67,85,74.33,2,1
15,1,9,3.2,78,1,0,0,53,50,70,42,57.67,1,1
18,1,10,0.7,56,0,0,0,92,88,100,86,93.33,3,1
16,1,12,1.6,62,2,1,0,54,48,81,93,61.0,1,1
16,0,12,5.1,61,1,1,0,40,96,68,90,68.0,2,1
15,0,10,4.2,57,2,0,1,49,91,70,87,70.0,2,1
16,1,9,3.9,86,2,0,1,86,64,79,86,76.33,2,1
16,0,11,5.3,50,0,0,0,95,66,68,45,76.33,2,1
15,0,12,1.0,98,1,0,0,65,89,78,47,77.33,2,1
16,1,11,3.9,77,0,0,0,68,58,92,56,72.67,2,1
18,0,11,5.0,65,1,1,0,62,62,61,53,61.67,1,1
16,1,9,1.7,61,1,1,0,86,99,39,78,74.67,2,1
18,0,11,2.9,60,1,1,0,56,42,99,77,65.67,1,1
17,1,10,1.5,88,2,1,0,47,60,95,56,67.33,2,1
18,0,12,5.1,78,1,0,0,93,92,36,85,73.67,2,1
16,0,11,1.1,82,1,1,0,77,61,49,56,62.33,1,1
15,1,11,4.3,89,1,0,0,62,35,70,72,55.67,1,1
16,1,10,2.6,65,0,0,0,52,49,89,70,63.33,1,1
16,0,11,1.3,92,0,1,0,85,81,84,50,83.33,3,1
17,1,12,2.0,89,2,1,0,92,39,50,62,60.33,1,1
18,1,9,3.4,69,2,0,1,39,68,49,49,52.0,1,1
17,1,9,4.1,62,2,0,1,86,38,56,87,60.0,1,1
16,0,9,1.0,73,0,1,1,92,57,54,74,67.67,2,1
18,1,9,6.0,68,1,1,1,40,42,39,86,40.33,0,0
17,1,12,2.4,56,0,0,1,77,73,49,88,66.33,2,1
14,0,11,2.8,94,2,0,1,60,76,99,79,78.33,2,1
18,0,10,0.7,78,1,0,1,95,41,42,40,59.33,1,1
15,1,12,4.5,54,2,0,0,82,89,88,68,86.33,3,1
17,0,10,0.8,99,2,0,0,56,96,57,91,69.67,2,1
19,0,12,3.5,81,0,1,1,78,96,91,42,88.33,3,1
15,0,10,4.3,72,2,0,1,46,45,91,95,60.67,1,1
17,1,12,2.5,75,1,1,0,35,56,66,58,52.33,1,1
14,1,11,0.9,82,0,0,1,42,72,91,44,68.33,2,1
18,0,11,5.5,62,0,1,0,81,91,86,66,86.0,3,1
19,0,11,2.0,79,2,1,0,100,71,62,75,77.67,2,1
17,1,9,3.3,67,1,0,0,48,98,56,59,67.33,2,1
19,0,9,5.5,66,2,0,1,100,95,44,81,79.67,2,1
14,0,10,5.9,64,1,0,0,73,48,91,66,70.67,2,1
18,1,12,4.4,66,0,1,1,35,69,51,48,51.67,1,1
17,1,11,3.5,66,0,0,0,47,65,82,94,64.67,1,1
18,1,11,5.6,78,2,1,1,77,69,94,41,80.0,2,1
14,0,11,6.0,51,2,0,0,52,44,47,56,47.67,0,0
19,0,11,1.4,58,2,1,0,94,63,50,72,69.0,2,1
14,1,11,5.6,61,2,1,1,42,41,38,87,40.33,0,0
16,1,12,3.4,81,1,1,0,55,81,66,48,67.33,2,1
17,1,11,0.6,85,0,0,1,50,93,83,75,75.33,2,1
18,1,11,3.9,54,0,0,1,92,84,61,88,79.0,2,1
19,0,12,1.8,68,2,1,0,91,92,40,89,74.33,2,1
17,0,11,4.4,96,1,0,0,57,55,93,58,68.33,2,1
16,0,11,2.7,97,1,0,0,46,66,40,79,50.67,1,1
18,1,11,3.9,92,2,0,0,82,51,63,58,65.33,1,1
18,0,10,3.3,85,2,0,0,79,73,97,82,83.0,3,1
18,1,12,4.3,88,0,1,0,36,95,39,81,56.67,1,1
16,1,9,5.4,66,2,0,1,43,58,89,79,63.33,1,1
16,0,12,2.6,61,1,1,0,71,87,69,65,75.67,2,1
16,1,12,3.3,90,2,0,0,64,54,53,75,57.0,1,1
16,1,9,5.1,61,0,0,0,39,47,35,42,40.33,0,0
17,0,11,2.1,83,2,0,0,97,55,53,63,68.33,2,1
19,1,11,3.2,84,0,0,0,69,40,43,95,50.67,1,1
18,1,11,1.3,61,1,1,1,44,71,54,55,56.33,1,1
14,0,10,5.3,78,2,1,1,91,71,42,72,68.0,2,1
14,0,11,2.3,51,1,1,0,45,38,70,71,51.0,1,1
16,0,12,3.8,83,2,1,1,65,51,49,87,55.0,1,1
16,1,9,4.5,55,0,0,0,55,48,46,81,49.67,0,0
18,0,9,1.6,71,2,0,1,38,47,78,68,54.33,1,1
19,1,11,2.6,69,0,1,1,79,80,43,54,67.33,2,1
18,0,12,4.8,59,0,0,0,55,51,94,80,66.67,2,1
14,1,11,5.0,56,2,0,1,86,77,90,65,84.33,3,1
16,1,10,3.9,89,1,1,1,40,94,56,49,63.33,1,1
18,0,11,2.7,74,0,1,1,49,52,38,63,46.33,0,0
15,0,11,1.0,68,1,1,1,44,51,53,54,49.33,0,0
14,0,9,3.3,82,2,1,0,70,97,53,89,73.33,2,1
18,1,9,2.6,69,2,1,0,70,38,62,48,56.67,1,1
17,1,12,3.0,53,2,0,1,47,95,70,77,70.67,2,1
17,1,10,5.2,63,0,0,0,97,69,40,49,68.67,2,1
14,0,11,0.6,76,0,1,1,50,73,51,56,58.0,1,1
18,1,11,3.9,66,0,1,0,43,80,69,74,64.0,1,1
15,1,9,0.8,54,0,0,1,100,38,61,59,66.33,2,1
14,0,11,5.3,67,2,0,0,64,83,93,71,80.0,2,1
19,1,12,6.0,52,1,0,0,44,81,92,67,72.33,2,1
16,0,10,1.3,92,0,1,0,54,45,44,56,47.67,0,0
18,0,12,4.5,57,2,1,0,82,49,96,85,75.67,2,1
18,1,9,3.5,66,1,0,0,67,40,68,46,58.33,1,1
16,0,12,4.5,80,0,1,1,100,70,77,53,82.33,3,1
15,1,10,3.2,62,1,0,0,46,73,58,40,59.0,1,1
16,0,12,3.7,84,2,1,0,51,96,48,93,65.0,1,1
14,1,9,3.1,61,0,0,1,63,49,88,95,66.67,2,1
15,0,9,4.1,92,1,1,1,53,40,63,63,52.0,1,1
18,1,10,5.4,92,0,1,1,100,48,79,94,75.67,2,1
15,1,12,4.2,97,1,0,1,48,100,50,61,66.0,2,1
15,0,10,5.2,66,2,1,1,90,83,56,63,76.33,2,1
18,0,12,4.4,76,2,0,0,90,56,93,81,79.67,2,1
16,1,10,5.8,77,1,0,1,68,100,86,94,84.67,3,1
15,1,9,1.9,99,1,1,1,97,61,77,53,78.33,2,1
19,0,10,5.7,97,0,0,0,87,64,67,64,72.67,2,1
15,1,9,4.3,69,2,0,0,39,39,99,52,59.0,1,1
15,1,12,1.0,81,2,0,1,79,37,44,70,53.33,1,1
19,0,10,2.9,97,1,1,1,100,53,77,64,76.67,2,1
18,1,12,3.2,64,0,0,1,36,51,96,79,61.0,1,1
16,0,10,1.2,59,2,1,1,41,40,41,70,40.67,0,0
16,1,10,5.6,57,1,0,0,73,88,95,54,85.33,3,1
15,1,10,3.1,55,0,0,0,90,69,78,67,79.0,2,1
14,1,10,3.1,100,0,1,1,67,49,46,52,54.0,1,1
19,0,12,4.4,100,0,0,1,48,38,84,41,56.67,1,1
18,0,10,4.8,54,0,0,1,78,89,52,68,73.0,2,1
17,1,12,5.2,62,2,1,1,57,48,91,56,65.33,1,1
15,0,12,5.5,85,1,0,0,48,56,54,62,52.67,1,1
16,1,9,5.0,87,1,0,0,82,78,94,54,84.67,3,1
19,0,11,2.4,93,1,0,1,78,80,48,45,68.67,2,1
14,1,11,3.4,80,2,0,1,55,84,47,59,62.0,1,1
14,1,9,5.5,85,0,1,0,73,83,59,68,71.67,2,1
19,0,9,5.2,94,0,1,1,72,63,49,68,61.33,1,1
14,0,11,5.5,79,1,1,1,59,70,80,81,69.67,2,1
15,1,9,3.0,100,2,1,1,36,85,54,43,58.33,1,1
19,0,9,3.0,85,0,1,1,61,89,66,88,72.0,2,1
14,0,11,1.9,61,2,0,0,50,81,58,89,63.0,1,1
14,0,11,5.3,77,2,1,1,68,68,44,68,60.0,1,1
18,1,12,1.7,62,2,1,0,35,48,91,85,58.0,1,1
16,0,9,4.8,85,0,0,1,68,61,50,48,59.67,1,1
19,0,9,4.8,74,0,1,1,64,49,41,53,51.33,1,1
15,1,10,3.8,85,2,0,1,48,35,35,44,39.33,0,0
16,0,9,3.6,55,2,1,1,66,67,40,62,57.67,1,1
18,1,11,1.4,77,0,1,0,44,87,37,87,56.0,1,1
14,0,11,2.9,79,1,0,1,63,63,50,52,58.67,1,1
14,1,9,1.9,71,1,0,0,44,62,81,49,62.33,1,1
15,0,9,2.8,69,2,1,1,49,63,80,62,64.0,1,1
17,1,10,1.9,95,1,1,0,73,84,96,51,84.33,3,1
16,1,11,3.7,96,2,0,1,95,54,49,57,66.0,2,1
18,1,12,3.9,85,2,0,0,43,99,69,62,70.33,2,1
15,0,9,3.0,79,1,0,1,93,72,68,93,77.67,2,1
16,1,10,4.2,81,0,1,0,90,49,100,79,79.67,2,1
18,1,9,3.1,81,1,1,0,49,88,57,68,64.67,1,1
18,0,12,4.8,64,1,0,1,94,79,74,53,82.33,3,1
14,1,9,4.4,64,2,1,1,57,96,66,49,73.0,2,1
19,1,12,3.6,72,2,0,1,63,40,88,67,63.67,1,1
17,1,9,2.0,74,2,1,0,48,85,96,66,76.33,2,1
16,1,10,5.4,71,0,0,1,83,65,71,63,73.0,2,1
14,1,10,1.2,58,2,0,1,60,60,68,42,62.67,1,1
15,0,12,5.7,99,2,1,0,63,36,97,71,65.33,1,1
18,0,11,2.3,91,1,0,0,81,42,64,66,62.33,1,1
14,1,12,4.7,99,2,0,1,89,88,38,48,71.67,2,1
19,0,11,5.1,74,0,1,0,75,54,79,83,69.33,2,1
18,1,11,0.6,57,2,0,1,85,74,78,86,79.0,2,1
16,1,11,1.3,85,2,1,1,43,60,92,64,65.0,1,1
17,1,10,4.0,72,2,0,0,73,56,51,74,60.0,1,1
17,0,9,0.8,87,0,0,0,59,88,91,68,79.33,2,1
19,1,12,2.9,96,1,1,1,62,84,91,47,79.0,2,1
17,1,11,1.9,83,0,0,0,57,49,39,64,48.33,0,0
14,1,9,0.8,85,2,0,1,52,81,65,42,66.0,2,1
18,0,11,2.7,93,2,0,0,72,47,57,85,58.67,1,1
18,1,12,1.2,53,2,0,1,36,95,36,60,55.67,1,1
19,0,9,5.9,79,0,1,0,55,80,89,95,74.67,2,1
17,0,12,4.6,60,2,1,0,91,36,51,45,59.33,1,1
16,0,9,2.9,54,0,1,1,97,50,39,69,62.0,1,1
17,1,12,5.6,86,1,1,1,81,50,95,49,75.33,2,1
19,1,10,1.0,80,2,0,1,88,44,74,88,68.67,2,1
17,1,11,1.7,57,0,0,0,44,70,61,78,58.33,1,1
16,0,11,1.4,54,0,1,1,92,60,74,41,75.33,2,1
16,0,9,2.9,90,2,0,1,81,76,89,80,82.0,3,1
14,0,11,2.5,76,0,0,0,50,90,93,91,77.67,2,1
17,0,9,4.1,62,0,1,0,85,54,93,50,77.33,2,1
16,1,10,5.2,72,0,1,0,100,56,51,47,69.0,2,1
15,0,10,4.3,89,1,1,0,80,44,80,51,68.0,2,1
14,0,10,1.3,64,0,0,0,68,71,36,55,58.33,1,1
18,1,11,3.0,100,1,0,1,68,79,46,74,64.33,1,1
18,1,12,0.9,75,0,0,1,94,86,36,70,72.0,2,1
16,1,9,1.8,97,0,0,1,66,70,84,75,73.33,2,1
19,0,9,2.8,67,0,1,0,37,65,66,46,56.0,1,1
14,1,9,4.2,82,1,1,0,56,89,88,83,77.67,2,1
18,1,10,3.8,78,1,0,1,93,46,46,50,61.67,1,1
15,1,10,2.1,70,0,0,1,88,49,39,55,58.67,1,1
19,1,10,5.8,62,1,1,1,71,91,50,77,70.67,2,1
16,0,9,5.8,87,1,0,1,86,36,81,65,67.67,2,1
19,1,10,3.7,70,2,1,0,89,40,87,95,72.0,2,1
19,0,10,5.1,88,2,0,0,96,58,93,73,82.33,3,1
15,1,11,0.9,79,2,1,1,67,89,39,74,65.0,1,1
18,1,12,5.0,81,2,1,1,92,35,79,71,68.67,2,1
16,1,12,1.6,72,0,1,1,58,51,66,73,58.33,1,1
18,1,9,0.7,81,0,0,0,55,88,91,89,78.0,2,1
19,1,12,2.4,63,1,0,1,55,35,40,73,43.33,0,0
14,0,12,5.0,89,2,0,0,38,47,76,76,53.67,1,1
19,0,10,1.3,55,2,1,0,88,68,73,51,76.33,2,1
18,0,9,4.0,84,0,1,1,62,64,64,60,63.33,1,1
18,0,9,2.1,94,2,0,1,84,62,94,85,80.0,2,1
19,0,10,5.4,97,0,1,1,38,43,99,61,60.0,1,1
19,0,10,5.7,97,0,1,0,60,75,45,58,60.0,1,1
15,1,9,3.1,73,1,0,0,94,82,65,64,80.33,2,1
14,1,10,5.7,94,1,1,0,89,78,93,92,86.67,3,1
19,1,11,0.7,89,2,1,0,70,51,65,72,62.0,1,1
15,1,11,3.3,97,2,1,1,60,65,61,88,62.0,1,1
19,1,11,5.4,62,0,1,0,71,60,51,95,60.67,1,1
17,1,9,4.8,68,1,0,0,67,81,73,76,73.67,2,1
18,0,11,5.7,78,2,1,0,89,99,48,72,78.67,2,1
15,0,11,4.9,58,2,0,1,36,92,45,51,57.67,1,1
19,0,10,5.7,63,2,0,0,35,41,52,76,42.67,0,0
16,0,10,1.8,53,1,0,1,63,73,49,75,61.67,1,1
16,1,12,3.9,73,1,0,0,89,45,51,64,61.67,1,1
16,1,11,2.0,60,2,1,1,86,60,44,93,63.33,1,1
18,0,9,0.5,84,1,0,0,83,68,60,50,70.33,2,1
15,0,11,2.2,69,0,1,1,66,74,69,48,69.67,2,1
14,0,9,2.0,66,2,1,1,77,45,97,90,73.0,2,1
18,1,10,4.3,63,1,0,0,64,35,73,44,57.33,1,1
14,0,11,0.6,83,1,0,1,48,86,87,58,73.67,2,1
17,0,9,1.8,95,1,0,0,89,64,37,69,63.33,1,1
14,1,11,5.5,75,2,0,1,90,68,37,85,65.0,1,1
16,1,10,4.0,70,2,1,1,81,79,77,54,79.0,2,1
18,0,12,4.4,73,0,0,0,72,60,56,86,62.67,1,1
14,1,10,6.0,72,2,0,1,43,84,88,55,71.67,2,1
15,1,10,3.4,90,1,0,0,45,70,95,54,70.0,2,1
19,0,10,3.6,63,1,0,1,44,89,99,95,77.33,2,1
14,0,12,0.6,67,0,1,1,99,48,45,70,64.0,1,1
14,1,12,2.0,71,2,1,1,87,56,44,87,62.33,1,1
16,1,10,2.2,67,2,0,1,81,90,93,62,88.0,3,1
18,0,12,5.7,95,2,1,0,42,48,41,61,43.67,0,0
14,0,12,3.6,66,1,0,1,98,82,72,92,84.0,3,1
16,0,12,5.3,55,0,0,1,80,65,43,76,62.67,1,1
18,0,9,5.5,93,2,1,1,71,64,66,77,67.0,2,1
14,0,9,5.3,60,2,0,0,94,68,77,84,79.67,2,1
17,0,11,1.7,53,2,0,0,37,55,60,60,50.67,1,1
19,1,9,1.0,87,2,0,1,91,83,65,81,79.67,2,1
17,0,11,3.1,99,0,1,0,42,72,56,82,56.67,1,1
18,0,10,3.4,92,1,0,1,41,74,87,52,67.33,2,1
17,1,12,2.6,81,2,1,1,73,57,81,47,70.33,2,1
16,1,11,3.2,66,2,0,0,72,36,47,40,51.67,1,1
14,0,12,1.1,81,1,0,1,77,88,88,59,84.33,3,1
14,0,9,5.9,90,1,0,1,87,51,51,50,63.0,1,1
18,0,9,5.2,60,1,0,1,87,55,38,80,60.0,1,1
16,0,12,4.9,95,0,0,0,75,72,53,70,66.67,2,1
18,1,12,2.4,63,0,0,1,73,76,94,92,81.0,3,1
15,0,12,3.6,57,2,0,1,68,80,75,73,74.33,2,1
17,0,10,1.6,63,2,1,1,57,94,72,43,74.33,2,1
16,1,12,0.5,78,1,1,1,68,44,43,69,51.67,1,1
19,0,11,0.9,95,2,0,1,72,38,79,40,63.0,1,1
16,1,10,4.4,92,2,1,1,44,79,67,89,63.33,1,1
18,0,11,2.8,65,0,0,0,65,99,49,70,71.0,2,1
18,1,12,5.7,61,2,1,0,74,78,88,68,80.0,2,1
15,0,11,1.5,93,2,1,1,83,49,52,62,61.33,1,1
18,0,10,1.6,53,0,1,1,73,37,41,93,50.33,1,1
14,0,12,4.9,52,2,1,1,79,100,91,72,90.0,3,1
14,0,9,5.9,97,1,0,1,85,81,51,93,72.33,2,1
18,1,10,3.8,67,2,1,1,69,57,90,64,72.0,2,1
14,0,9,2.2,76,1,0,1,37,57,62,63,52.0,1,1
17,0,10,1.2,90,1,1,1,60,66,83,76,69.67,2,1
16,1,10,1.8,79,0,1,0,68,35,75,49,59.33,1,1
16,1,10,4.3,82,2,0,1,66,40,35,82,47.0,0,0
18,1,12,5.1,79,2,1,0,78,77,81,51,78.67,2,1
17,0,12,4.3,98,1,1,0,58,84,75,66,72.33,2,1
15,1,10,2.6,57,0,0,1,84,57,66,63,69.0,2,1
17,0,10,3.4,61,2,1,1,77,74,73,42,74.67,2,1
16,1,9,3.7,85,2,0,0,97,41,59,72,65.67,1,1
19,1,12,3.6,83,0,0,0,56,52,89,66,65.67,1,1
18,1,11,4.8,73,0,0,0,71,40,86,75,65.67,1,1
19,0,11,4.6,97,2,0,0,66,69,82,75,72.33,2,1
15,0,10,1.2,60,2,1,0,88,75,51,82,71.33,2,1
18,1,10,2.0,83,1,1,1,89,86,79,56,84.67,3,1
16,1,11,2.3,91,2,0,1,47,85,72,59,68.0,2,1
17,0,12,0.9,88,2,0,1,44,80,58,88,60.67,1,1
15,1,10,0.9,66,1,0,1,70,95,58,53,74.33,2,1
15,1,10,4.4,94,2,0,1,53,42,76,68,57.0,1,1
19,0,10,3.6,64,1,0,0,57,81,64,95,67.33,2,1
18,1,10,2.2,86,2,0,0,49,52,55,54,52.0,1,1
18,1,9,3.8,52,2,0,0,69,54,87,95,70.0,2,1
17,1,12,5.6,50,1,1,1,78,72,51,44,67.0,2,1
18,0,9,1.1,55,1,0,1,40,74,81,48,65.0,1,1
16,0,11,1.8,66,1,0,0,92,55,53,82,66.67,2,1
14,1,10,1.5,79,2,1,0,37,36,44,78,39.0,0,0
19,0,11,5.8,68,2,0,0,64,40,49,69,51.0,1,1
16,1,10,5.7,78,2,0,1,76,55,71,73,67.33,2,1
16,1,11,3.9,60,1,0,1,42,79,47,45,56.0,1,1
19,1,11,2.0,58,1,1,0,46,100,82,95,76.0,2,1
14,0,12,5.6,92,1,0,1,62,66,37,79,55.0,1,1
16,0,11,5.7,56,1,1,0,51,44,57,70,50.67,1,1
19,1,11,5.6,70,2,1,1,97,62,91,92,83.33,3,1
15,1,12,5.3,83,0,0,1,82,53,78,65,71.0,2,1
16,0,10,5.9,70,2,1,0,49,91,35,95,58.33,1,1
19,0,11,4.0,67,0,1,1,98,71,78,59,82.33,3,1
15,0,9,4.5,94,2,1,0,75,54,94,69,74.33,2,1
16,1,10,2.4,91,2,1,0,44,59,86,46,63.0,1,1
18,0,9,4.5,88,0,1,1,73,49,57,47,59.67,1,1
16,1,9,2.4,51,2,0,0,90,68,50,83,69.33,2,1
16,0,12,0.6,72,1,0,1,79,50,99,72,76.0,2,1
18,1,11,1.7,72,1,1,0,35,62,38,44,45.0,0,0
17,0,10,2.1,52,0,0,0,65,99,82,67,82.0,3,1
16,1,12,1.1,83,0,0,1,87,69,38,81,64.67,1,1
16,0,9,4.6,84,1,0,0,43,69,40,83,50.67,1,1
14,0,9,1.9,69,1,0,0,41,85,56,75,60.67,1,1
14,1,11,2.1,62,1,0,1,43,90,49,49,60.67,1,1
19,0,12,2.8,56,0,1,0,37,99,96,74,77.33,2,1
17,0,10,5.2,99,0,1,1,93,68,48,85,69.67,2,1
16,0,9,2.6,79,0,1,0,53,48,76,61,59.0,1,1
18,1,9,4.7,96,0,0,1,41,50,35,48,42.0,0,0
15,0,9,4.9,55,1,0,0,46,74,52,80,57.33,1,1
19,1,10,1.1,84,0,1,1,54,51,59,95,54.67,1,1
14,1,10,1.9,61,2,1,1,77,50,41,84,56.0,1,1
15,0,11,3.6,91,0,0,1,64,69,90,65,74.33,2,1
15,0,9,4.2,70,2,1,1,78,86,49,49,71.0,2,1
17,0,10,3.3,52,1,1,1,100,73,98,66,90.33,3,1
18,0,11,5.5,87,1,0,0,98,70,47,54,71.67,2,1
16,1,9,4.8,61,1,0,1,51,58,99,69,69.33,2,1
18,1,11,5.7,80,1,0,1,73,39,70,69,60.67,1,1
17,0,10,2.3,74,2,1,1,69,90,61,42,73.33,2,1
19,1,10,3.2,57,2,1,1,48,73,55,52,58.67,1,1
17,1,12,5.2,98,1,1,1,68,90,38,50,65.33,1,1
18,1,10,3.8,84,2,0,0,93,37,48,69,59.33,1,1
17,1,10,2.0,68,0,0,1,81,79,70,43,76.67,2,1
15,0,9,2.1,55,2,1,0,95,71,84,67,83.33,3,1
17,0,10,5.0,81,2,0,1,73,81,90,83,81.33,3,1
18,1,12,1.3,84,1,0,0,57,50,94,94,67.0,2,1
16,1,11,2.4,51,1,1,0,82,98,71,95,83.67,3,1
14,0,9,2.5,78,1,0,1,39,86,68,91,64.33,1,1
19,0,10,0.8,90,0,1,1,39,42,91,44,57.33,1,1
15,0,10,5.3,96,0,0,1,88,60,62,44,70.0,2,1
15,0,9,5.1,68,0,1,0,65,57,37,84,53.0,1,1
19,1,9,5.3,97,2,1,0,71,58,56,50,61.67,1,1
14,1,10,1.2,64,0,1,1,85,52,53,42,63.33,1,1
16,0,10,0.6,91,0,1,1,70,96,92,80,86.0,3,1
18,1,10,2.5,100,2,1,0,37,43,38,49,39.33,0,0
17,1,10,1.4,59,2,1,1,61,100,56,85,72.33,2,1
17,1,11,4.7,53,1,1,0,78,35,99,55,70.67,2,1
14,1,11,2.9,93,2,0,0,95,83,54,92,77.33,2,1
14,1,10,3.6,78,1,1,1,37,91,55,65,61.0,1,1
14,1,12,2.8,58,0,0,0,66,69,84,59,73.0,2,1
17,0,11,2.4,81,0,0,0,92,69,96,69,85.67,3,1
14,1,11,4.6,58,1,1,1,95,39,57,83,63.67,1,1
19,0,11,1.9,73,1,1,1,62,63,59,65,61.33,1,1
16,0,9,4.1,79,0,0,0,94,63,46,44,67.67,2,1
17,1,9,2.5,51,1,0,0,100,57,53,75,70.0,2,1
18,1,12,0.8,75,0,0,1,78,78,72,70,76.0,2,1
18,0,9,3.1,73,0,1,1,66,47,85,92,66.0,2,1
19,1,11,2.4,62,2,0,0,46,83,89,88,72.67,2,1
17,0,11,1.2,64,1,1,0,40,68,60,88,56.0,1,1
16,1,9,5.2,68,1,0,1,49,79,45,49,57.67,1,1
17,0,10,1.9,73,0,0,1,81,90,84,68,85.0,3,1
18,0,11,4.7,64,1,0,0,76,58,84,70,72.67,2,1
18,1,12,3.2,93,0,1,1,63,94,93,58,83.33,3,1
15,0,10,1.1,89,2,0,0,72,74,53,57,66.33,2,1
16,1,11,4.0,88,0,0,0,57,89,85,56,77.0,2,1
15,0,10,5.8,65,1,0,1,55,54,61,71,56.67,1,1
16,1,10,3.2,97,0,0,0,36,97,76,84,69.67,2,1
14,1,11,4.1,92,1,1,1,94,77,97,56,89.33,3,1
18,0,12,4.7,71,2,0,0,37,60,94,71,63.67,1,1
14,1,11,0.9,51,0,0,1,87,57,41,68,61.67,1,1
18,1,12,0.5,78,2,0,1,71,67,97,85,78.33,2,1
18,0,9,2.8,93,2,0,1,90,87,99,52,92.0,3,1
15,0,12,2.7,79,2,1,0,64,92,71,89,75.67,2,1
17,0,11,4.3,95,0,1,1,86,94,79,50,86.33,3,1
17,0,9,2.9,56,1,0,1,75,67,37,76,59.67,1,1
19,1,9,3.4,80,2,1,0,36,65,76,63,59.0,1,1
19,1,9,3.7,89,1,1,1,65,86,76,55,75.67,2,1
16,1,10,1.9,55,0,1,0,39,97,41,91,59.0,1,1
15,0,10,1.5,70,2,1,0,79,42,56,67,59.0,1,1
14,1,12,0.9,100,1,0,1,91,99,46,43,78.67,2,1
16,0,11,4.5,58,2,0,0,79,81,84,41,81.33,3,1
18,1,11,3.2,69,1,1,1,82,59,75,65,72.0,2,1
16,1,10,1.3,52,2,0,0,49,72,74,48,65.0,1,1
16,0,11,3.6,85,0,0,1,98,59,78,56,78.33,2,1
17,0,11,5.3,72,1,0,0,72,66,74,58,70.67,2,1
18,0,9,1.4,52,1,0,1,61,70,44,94,58.33,1,1
14,0,10,5.8,53,2,0,0,72,39,39,87,50.0,1,1
18,0,10,2.6,79,0,1,1,82,96,55,46,77.67,2,1
15,1,11,5.2,50,1,1,1,49,49,81,55,59.67,1,1
17,0,11,3.6,77,2,0,0,77,64,91,58,77.33,2,1
18,1,10,4.7,50,2,0,0,57,68,37,63,54.0,1,1
19,0,11,2.8,53,2,0,0,62,70,61,82,64.33,1,1
14,0,11,3.6,77,2,0,1,57,43,61,40,53.67,1,1
19,1,9,5.0,76,2,1,1,64,94,38,49,65.33,1,1
19,0,10,1.3,82,1,1,1,86,81,71,42,79.33,2,1
14,0,9,4.8,81,1,1,1,38,51,63,73,50.67,1,1
18,1,9,1.6,82,2,1,0,72,100,47,50,73.0,2,1
18,1,11,4.7,53,2,1,0,59,47,93,46,66.33,2,1
16,0,9,0.6,92,1,1,0,89,74,55,68,72.67,2,1
14,0,9,1.0,100,2,1,1,70,89,75,46,78.0,2,1
14,1,10,4.6,74,1,1,1,38,56,48,48,47.33,0,0
15,0,12,4.1,93,1,0,1,84,88,49,79,73.67,2,1
14,1,9,4.4,98,0,0,0,93,36,56,82,61.67,1,1
14,0,9,5.5,53,1,0,0,81,90,54,76,75.0,2,1
15,0,11,5.5,79,2,0,0,100,64,35,43,66.33,2,1
18,0,10,1.7,73,2,0,1,65,95,57,46,72.33,2,1
14,0,11,1.7,51,0,1,0,90,76,82,88,82.67,3,1
18,0,12,1.4,64,2,1,1,43,50,94,57,62.33,1,1
16,0,12,1.5,60,1,1,1,99,61,71,84,77.0,2,1
19,1,9,4.3,73,0,0,1,82,98,37,50,72.33,2,1
16,1,9,2.2,97,2,1,1,71,43,85,69,66.33,2,1
19,1,12,5.2,75,0,0,0,60,37,82,60,59.67,1,1
17,1,10,4.7,96,1,1,1,43,74,90,40,69.0,2,1
15,1,10,3.1,62,0,0,1,48,35,42,54,41.67,0,0
17,1,12,2.9,89,1,0,1,96,35,53,83,61.33,1,1
14,1,9,1.1,93,1,1,0,93,80,85,61,86.0,3,1
19,0,10,0.9,56,0,1,0,39,60,35,63,44.67,0,0
14,1,9,4.2,89,0,0,0,68,92,48,75,69.33,2,1
17,0,11,4.1,70,1,0,1,82,92,39,50,71.0,2,1
16,0,11,5.6,56,1,1,1,79,46,56,43,60.33,1,1
17,1,10,1.3,86,0,0,1,65,67,67,56,66.33,2,1
18,1,10,2.9,73,1,1,1,68,48,60,78,58.67,1,1
17,0,10,1.5,89,0,0,1,50,89,45,78,61.33,1,1
14,1,9,2.9,86,2,0,0,89,99,48,76,78.67,2,1
18,0,9,1.0,84,2,0,1,53,63,42,44,52.67,1,1
16,0,11,5.7,51,0,1,1,78,93,72,50,81.0,3,1
14,1,9,6.0,75,1,1,0,51,44,61,87,52.0,1,1
15,0,11,1.8,97,1,0,1,89,50,89,46,76.0,2,1
17,0,10,4.4,79,2,1,1,88,77,46,64,70.33,2,1
16,0,10,5.7,86,0,1,1,88,79,61,52,76.0,2,1
17,1,11,4.8,96,1,0,1,43,88,38,41,56.33,1,1
19,0,12,5.5,76,0,0,0,83,73,77,66,77.67,2,1
17,1,10,2.5,63,1,1,1,44,100,92,60,78.67,2,1
18,0,11,0.7,70,1,1,1,59,99,83,93,80.33,2,1
18,0,10,4.2,52,2,0,1,55,95,77,81,75.67,2,1
17,0,10,2.0,85,2,1,1,56,76,80,64,70.67,2,1
15,1,11,4.9,90,0,0,1,72,72,56,70,66.67,2,1
19,0,10,3.7,77,1,0,1,35,41,55,63,43.67,0,0
16,1,11,0.6,69,0,0,1,47,69,86,53,67.33,2,1
18,1,10,4.1,91,1,1,1,71,35,52,43,52.67,1,1
14,1,10,5.4,53,2,1,0,70,70,67,48,69.0,2,1
17,1,12,1.1,90,2,1,0,74,100,36,86,70.0,2,1
17,0,12,1.0,100,0,0,1,56,100,97,91,84.33,3,1
16,1,10,2.7,50,2,0,1,41,94,80,40,71.67,2,1
15,0,9,5.1,85,1,1,0,45,43,97,83,61.67,1,1
17,0,11,3.5,85,2,1,0,82,58,53,95,64.33,1,1
19,1,9,5.7,57,0,0,0,95,37,51,67,61.0,1,1
15,0,11,3.8,70,2,0,0,79,36,78,73,64.33,1,1
19,0,11,1.8,72,1,1,0,44,75,78,79,65.67,1,1
16,0,9,5.7,85,1,0,0,71,56,80,66,69.0,2,1
18,1,10,1.6,73,0,1,1,47,41,95,95,61.0,1,1
15,1,11,2.1,81,1,1,1,66,96,49,85,70.33,2,1
18,0,9,2.1,95,2,1,0,59,88,45,70,64.0,1,1
14,0,9,2.8,95,1,0,0,38,83,44,51,55.0,1,1
17,1,11,4.1,79,1,1,1,85,43,92,85,73.33,2,1
18,0,12,2.9,75,0,0,1,66,61,43,57,56.67,1,1
15,0,12,1.4,100,1,1,0,75,53,51,91,59.67,1,1
15,0,9,2.0,62,2,0,1,73,40,64,84,59.0,1,1
19,1,11,3.0,82,2,0,1,56,91,90,93,79.0,2,1
16,1,10,3.8,53,0,1,1,48,83,74,74,68.33,2,1
18,1,10,1.4,80,1,1,1,42,45,35,86,40.67,0,0
19,1,12,1.1,77,1,1,1,89,70,79,60,79.33,2,1
16,1,12,3.2,61,2,0,0,86,43,35,94,54.67,1,1
17,0,9,2.1,81,0,0,1,59,50,39,57,49.33,0,0
16,1,9,4.9,87,1,0,0,51,86,51,68,62.67,1,1
16,0,9,2.0,96,2,0,0,78,42,53,82,57.67,1,1
14,0,9,3.1,87,0,1,1,83,72,89,49,81.33,3,1
17,1,12,2.8,99,2,1,1,69,81,55,41,68.33,2,1
15,1,10,1.1,88,2,0,0,89,74,42,67,68.33,2,1
15,0,10,1.7,92,0,1,0,53,36,98,79,62.33,1,1
15,0,12,5.5,91,1,0,0,81,82,66,62,76.33,2,1
15,0,10,0.9,98,2,1,0,76,65,95,90,78.67,2,1
16,1,12,4.0,73,0,0,0,82,48,96,69,75.33,2,1
18,1,10,1.7,62,1,0,0,67,44,80,91,63.67,1,1
18,1,12,1.2,91,0,1,0,69,48,99,48,72.0,2,1
19,0,12,1.7,85,2,1,0,67,68,90,59,75.0,2,1
14,0,9,2.8,67,0,1,1,98,82,55,44,78.33,2,1
15,0,9,4.2,55,0,1,0,73,36,57,43,55.33,1,1
15,0,12,3.3,50,0,0,1,58,90,59,68,69.0,2,1
15,1,11,4.3,67,1,0,0,79,47,100,64,75.33,2,1
19,1,10,3.3,77,0,0,0,66,61,88,62,71.67,2,1
19,0,10,4.2,80,0,0,1,79,69,60,83,69.33,2,1
16,1,12,5.4,88,0,0,0,91,50,48,93,63.0,1,1
14,0,10,1.3,50,2,1,0,83,96,35,91,71.33,2,1
15,0,12,5.6,51,1,1,0,91,38,59,43,62.67,1,1
15,0,10,2.4,77,0,1,1,44,36,80,79,53.33,1,1
18,1,9,2.1,69,1,1,1,79,46,69,73,64.67,1,1
14,1,10,4.2,64,2,0,1,76,55,51,61,60.67,1,1
16,1,11,2.3,100,0,0,1,43,95,50,69,62.67,1,1
18,0,9,5.0,64,0,1,1,47,47,88,53,60.67,1,1
14,0,12,6.0,90,1,0,1,77,90,93,94,86.67,3,1
19,1,9,4.0,91,0,1,0,89,60,77,95,75.33,2,1
19,0,12,2.9,89,0,0,0,79,65,85,73,76.33,2,1
15,1,9,2.1,96,0,1,0,67,43,98,44,69.33,2,1
16,1,12,4.7,80,0,0,0,39,82,42,42,54.33,1,1
14,1,9,4.5,64,1,0,0,89,75,65,60,76.33,2,1
16,0,12,5.4,50,1,0,0,92,72,52,69,72.0,2,1
14,0,12,1.3,55,1,1,1,91,95,99,55,95.0,3,1
16,1,12,2.4,87,2,1,0,42,61,99,61,67.33,2,1
19,0,11,3.7,78,0,0,1,77,84,92,40,84.33,3,1
14,0,11,2.9,74,1,1,1,48,64,84,41,65.33,1,1
19,0,12,5.2,58,0,0,0,69,76,76,82,73.67,2,1
19,0,9,5.0,80,1,0,0,98,72,73,70,81.0,3,1
14,0,10,3.1,65,0,0,1,47,85,99,91,77.0,2,1
16,1,12,3.3,86,1,0,1,48,49,35,58,44.0,0,0
19,0,10,1.8,68,2,0,1,86,79,64,84,76.33,2,1
15,0,9,1.6,63,0,0,0,41,55,41,92,45.67,0,0
14,1,11,2.2,62,2,0,0,61,71,65,77,65.67,1,1
19,0,12,2.0,89,1,1,1,84,55,83,74,74.0,2,1
16,1,12,5.4,59,2,0,0,64,36,56,60,52.0,1,1
15,1,9,1.2,95,0,0,0,55,76,60,44,63.67,1,1
14,0,10,2.7,71,2,0,1,58,36,80,87,58.0,1,1
19,0,9,3.2,100,2,0,0,68,94,83,73,81.67,3,1
18,1,9,2.2,71,0,1,0,42,54,69,67,55.0,1,1
18,1,12,5.6,69,0,1,0,86,59,64,59,69.67,2,1
19,0,10,4.0,59,1,0,0,81,53,40,78,58.0,1,1
16,0,9,5.5,59,1,1,1,76,48,54,91,59.33,1,1
18,0,11,5.4,52,1,1,1,53,39,59,72,50.33,1,1
16,1,11,5.7,76,2,1,1,84,77,90,56,83.67,3,1
14,1,10,5.8,98,0,1,0,91,38,63,93,64.0,1,1
18,1,12,3.6,69,0,1,1,88,81,100,56,89.67,3,1
16,1,11,1.2,60,2,1,1,86,74,39,63,66.33,2,1
18,0,11,5.2,53,2,1,1,62,85,42,84,63.0,1,1
19,1,11,4.7,90,0,0,1,80,79,55,69,71.33,2,1
16,0,10,5.1,79,1,0,0,91,89,36,55,72.0,2,1
19,0,9,1.5,65,1,1,0,100,73,63,65,78.67,2,1
14,1,11,2.4,62,0,0,1,64,86,64,87,71.33,2,1
17,1,9,4.1,55,2,0,0,93,41,82,58,72.0,2,1
17,1,12,3.2,72,1,1,1,79,98,66,67,81.0,3,1
15,0,10,5.4,100,2,0,1,44,52,59,47,51.67,1,1
14,1,10,5.9,71,2,1,1,68,82,58,42,69.33,2,1
17,1,10,1.3,85,1,1,1,85,86,56,70,75.67,2,1
16,0,10,2.9,62,0,1,1,44,55,89,84,62.67,1,1
17,0,9,3.2,51,1,0,0,55,35,81,77,57.0,1,1
16,1,9,2.5,76,0,1,1,72,41,94,40,69.0,2,1
17,1,12,5.6,92,2,1,0,36,56,40,93,44.0,0,0
17,1,9,5.4,55,1,1,0,79,46,60,83,61.67,1,1
14,0,10,4.2,63,0,0,1,55,36,83,57,58.0,1,1
19,1,10,3.1,62,0,0,0,59,87,41,52,62.33,1,1
17,0,12,1.2,76,1,0,0,60,95,61,66,72.0,2,1
15,0,11,5.5,89,2,1,1,96,67,90,53,84.33,3,1
15,0,11,0.7,81,1,0,1,74,98,38,46,70.0,2,1
16,1,9,3.0,67,2,0,1,99,98,63,63,86.67,3,1
19,1,11,3.4,51,1,1,0,84,63,82,50,76.33,2,1
17,0,10,3.3,70,1,0,1,81,64,61,95,68.67,2,1
14,1,11,2.2,74,2,0,0,48,60,84,83,64.0,1,1
18,0,12,1.3,53,0,1,0,37,38,49,73,41.33,0,0
17,1,12,3.4,59,1,1,1,50,62,84,90,65.33,1,1
19,0,9,5.6,95,0,0,0,91,70,56,63,72.33,2,1
15,1,9,1.5,86,2,1,0,94,35,70,58,66.33,2,1
18,1,10,1.7,100,0,1,0,98,68,75,86,80.33,2,1
18,0,12,1.6,65,2,0,1,95,43,43,42,60.33,1,1
18,0,10,2.0,71,0,0,1,81,95,85,49,87.0,3,1
19,0,11,1.9,99,0,1,1,57,52,66,86,58.33,1,1
16,1,12,1.7,71,2,1,0,58,69,95,40,74.0,2,1
14,0,10,5.9,62,0,1,0,35,82,83,77,66.67,2,1
19,0,11,3.2,69,2,1,1,79,63,43,75,61.67,1,1
19,0,10,4.1,50,1,1,0,93,43,43,55,59.67,1,1
15,0,12,1.9,77,0,0,1,36,77,59,52,57.33,1,1
15,0,10,1.9,78,1,1,0,54,86,80,59,73.33,2,1
15,0,12,3.4,58,0,0,1,89,94,83,59,88.67,3,1
19,1,11,0.6,72,1,1,1,53,65,79,79,65.67,1,1
19,0,9,3.1,59,1,0,1,36,64,87,85,62.33,1,1
17,1,11,2.8,76,0,1,0,86,94,95,87,91.67,3,1
18,1,10,5.0,61,2,0,1,81,36,95,71,70.67,2,1
18,0,11,4.3,76,1,0,1,56,93,57,66,68.67,2,1
18,0,11,5.6,63,2,1,0,72,59,75,94,68.67,2,1
17,0,9,5.3,82,1,1,0,95,43,72,88,70.0,2,1
17,1,9,5.1,79,0,1,0,57,48,46,53,50.33,1,1
15,1,11,5.6,61,1,0,0,38,49,99,72,62.0,1,1
15,0,9,2.9,51,0,0,0,83,86,37,89,68.67,2,1
17,0,10,1.6,100,1,1,1,69,86,95,93,83.33,3,1
15,1,11,5.1,65,2,0,1,97,68,39,61,68.0,2,1
19,0,9,3.5,88,0,1,1,35,59,70,40,54.67,1,1
19,0,11,1.8,78,2,1,1,87,95,96,61,92.67,3,1
18,1,12,5.2,71,1,0,1,84,37,62,77,61.0,1,1
15,1,10,4.8,94,0,0,1,71,41,42,56,51.33,1,1
15,0,11,4.0,66,0,1,0,83,36,86,67,68.33,2,1
16,0,9,4.1,56,0,0,0,57,43,83,92,61.0,1,1
17,0,12,2.1,51,2,0,1,52,71,85,66,69.33,2,1
18,1,10,4.1,66,0,0,1,48,60,72,84,60.0,1,1
14,0,10,4.1,56,0,1,1,48,46,75,50,56.33,1,1
16,1,10,4.6,53,1,0,0,77,61,79,42,72.33,2,1
15,0,11,2.1,93,0,1,1,46,57,49,93,50.67,1,1
17,0,9,4.5,62,0,0,0,50,79,94,40,74.33,2,1
16,1,12,4.7,62,0,1,0,58,93,59,51,70.0,2,1
16,0,12,2.2,64,2,0,0,69,48,51,42,56.0,1,1
19,1,9,4.2,69,0,0,1,50,46,68,57,54.67,1,1
15,0,12,3.8,65,2,0,0,59,79,38,66,58.67,1,1
18,1,11,5.7,92,2,0,1,66,53,68,76,62.33,1,1
18,1,10,2.6,82,2,0,0,91,60,59,94,70.0,2,1
16,1,12,4.0,98,2,1,1,40,63,36,49,46.33,0,0
14,1,12,4.8,78,1,0,1,97,38,94,89,76.33,2,1
16,0,10,4.3,70,2,0,0,38,46,95,61,59.67,1,1
18,0,9,1.3,93,1,0,1,70,39,97,89,68.67,2,1
19,1,9,3.2,96,1,0,1,51,55,67,63,57.67,1,1
15,1,9,2.1,78,2,1,0,73,40,66,52,59.67,1,1
19,0,11,5.9,56,0,0,0,76,47,43,74,55.33,1,1
19,0,10,4.0,86,2,0,1,87,59,56,74,67.33,2,1
19,1,10,2.5,91,1,1,1,59,77,89,74,75.0,2,1
19,1,11,5.1,99,1,0,0,73,62,37,94,57.33,1,1
19,0,9,4.5,96,1,0,0,59,72,39,41,56.67,1,1
15,0,9,1.4,99,0,0,0,62,71,80,66,71.0,2,1
15,1,10,1.3,85,2,0,0,85,39,38,67,54.0,1,1
17,0,11,5.9,99,2,1,0,93,60,61,50,71.33,2,1
19,0,10,1.5,69,0,1,1,81,88,65,95,78.0,2,1
18,0,10,5.1,84,2,1,0,65,89,100,57,84.67,3,1
14,1,9,5.3,97,2,0,0,82,95,71,42,82.67,3,1
19,1,11,5.7,77,0,1,0,39,91,69,82,66.33,2,1
15,1,11,1.3,78,1,1,0,47,42,35,66,41.33,0,0
19,1,9,1.6,64,2,0,1,74,43,37,80,51.33,1,1
18,1,12,3.2,85,0,0,1,43,64,43,52,50.0,1,1
18,1,10,1.6,83,0,1,1,96,90,50,53,78.67,2,1
15,0,12,4.5,98,0,1,1,83,56,86,92,75.0,2,1
14,0,9,5.0,83,0,1,0,100,99,92,71,97.0,3,1
18,1,10,2.2,57,1,0,1,51,51,60,42,54.0,1,1
17,0,12,3.3,90,1,0,1,62,36,75,58,57.67,1,1
16,0,10,1.1,90,1,1,1,93,49,59,83,67.0,2,1
19,1,9,3.8,74,2,0,0,48,68,43,90,53.0,1,1
17,1,12,4.6,65,1,0,0,59,35,66,86,53.33,1,1
18,0,11,2.1,73,2,1,0,89,36,43,88,56.0,1,1
15,0,12,5.8,83,0,0,1,96,52,72,55,73.33,2,1
15,0,12,2.3,67,1,1,0,78,67,76,40,73.67,2,1
17,1,11,0.5,69,2,1,1,56,98,37,48,63.67,1,1
17,1,10,3.4,97,0,0,0,84,47,62,55,64.33,1,1
19,0,9,1.3,97,1,1,0,95,44,90,44,76.33,2,1
17,1,12,4.2,61,1,1,1,86,95,81,75,87.33,3,1
17,0,10,1.6,87,0,1,0,82,88,66,77,78.67,2,1
16,1,12,3.4,54,0,1,0,66,96,88,44,83.33,3,1
16,1,11,2.9,58,1,1,0,85,97,88,77,90.0,3,1
19,1,10,1.5,56,1,1,1,61,77,44,76,60.67,1,1
17,1,11,5.3,89,2,0,1,56,62,77,47,65.0,1,1
17,0,12,1.1,53,2,0,0,54,78,64,69,65.33,1,1
15,1,12,0.6,77,0,1,1,54,80,50,87,61.33,1,1
18,0,12,6.0,76,1,1,1,81,75,97,67,84.33,3,1
15,1,9,0.6,51,2,1,0,44,79,66,74,63.0,1,1
14,1,11,4.5,72,2,1,0,36,95,44,65,58.33,1,1
16,0,12,4.2,54,2,0,1,67,88,46,62,67.0,2,1
18,1,10,4.9,59,1,0,0,37,98,39,52,58.0,1,1
17,0,10,3.8,86,0,0,0,94,79,83,70,85.33,3,1
18,0,12,1.7,57,2,1,0,53,75,99,88,75.67,2,1
16,0,11,3.7,99,1,0,0,76,84,60,42,73.33,2,1
17,1,12,4.8,74,2,0,1,63,48,100,41,70.33,2,1
19,1,11,3.0,78,1,0,0,62,86,98,63,82.0,3,1
14,1,11,5.5,75,1,0,0,70,51,70,86,63.67,1,1
14,1,11,1.3,53,2,1,1,49,88,100,89,79.0,2,1
17,0,9,3.5,80,2,1,1,36,46,70,57,50.67,1,1
18,0,12,2.4,96,0,0,0,56,72,63,88,63.67,1,1
15,0,10,5.7,90,2,0,0,79,96,73,65,82.67,3,1
17,0,9,3.6,63,0,0,1,57,37,52,67,48.67,0,0
18,1,10,2.8,62,0,0,1,57,57,97,62,70.33,2,1
18,1,12,4.8,74,2,1,1,91,41,55,90,62.33,1,1
19,1,9,4.4,52,1,0,0,67,50,68,58,61.67,1,1
19,1,12,2.6,62,0,0,0,53,42,61,49,52.0,1,1
18,0,11,3.1,88,0,0,1,82,55,42,47,59.67,1,1
17,1,10,2.4,55,2,0,0,39,85,39,67,54.33,1,1
17,1,12,4.0,54,1,1,1,61,48,94,65,67.67,2,1
15,1,10,2.9,92,2,0,0,93,37,65,60,65.0,1,1
15,0,11,5.4,52,0,1,1,84,69,81,78,78.0,2,1
14,0,9,3.3,77,1,1,1,75,49,94,50,72.67,2,1
18,1,9,5.7,84,1,1,0,87,60,86,91,77.67,2,1
14,0,10,5.3,75,1,1,1,55,52,74,80,60.33,1,1
15,0,11,0.7,67,0,1,0,90,58,87,70,78.33,2,1
19,1,10,2.8,70,0,1,1,77,39,86,74,67.33,2,1
17,0,10,3.3,58,1,1,1,52,63,88,40,67.67,2,1
18,1,11,3.4,62,0,1,0,83,78,77,78,79.33,2,1
17,0,12,5.7,67,1,1,0,51,62,48,54,53.67,1,1
15,0,11,1.2,64,2,0,0,54,65,97,60,72.0,2,1
16,1,11,2.4,54,2,0,1,58,71,97,42,75.33,2,1
16,0,11,1.9,63,1,0,0,37,37,99,90,57.67,1,1
16,1,12,2.6,58,0,0,0,46,73,72,71,63.67,1,1
16,1,10,1.0,70,1,0,0,95,74,93,57,87.33,3,1
16,1,9,3.2,90,1,0,0,60,88,39,42,62.33,1,1
17,0,9,1.0,80,0,0,1,89,91,54,52,78.0,2,1
19,1,10,5.1,94,0,0,1,74,37,61,89,57.33,1,1
17,1,10,3.9,64,1,1,1,75,81,78,84,78.0,2,1
17,0,11,3.6,100,0,1,0,93,56,71,51,73.33,2,1
15,0,10,3.4,91,0,0,0,65,35,56,42,52.0,1,1
14,1,12,3.1,90,1,1,0,39,65,100,66,68.0,2,1
18,1,11,3.7,62,2,0,1,94,66,44,53,68.0,2,1
15,0,9,3.6,79,2,0,0,99,45,89,42,77.67,2,1
14,1,10,2.2,91,1,0,0,58,93,38,70,63.0,1,1
15,1,9,3.8,80,2,0,0,44,64,87,90,65.0,1,1
15,1,9,2.0,98,0,1,1,64,83,62,81,69.67,2,1
18,1,10,5.0,85,2,0,0,61,83,35,89,59.67,1,1
19,1,9,2.3,84,2,1,0,35,84,85,68,68.0,2,1
18,0,12,1.4,77,1,0,0,39,43,38,54,40.0,0,0
15,1,9,3.2,90,0,1,0,96,58,63,52,72.33,2,1
17,1,9,4.1,63,2,0,1,43,48,53,55,48.0,0,0
19,0,10,3.8,54,0,1,0,39,53,40,88,44.0,0,0
18,0,10,4.5,65,2,1,1,39,45,58,44,47.33,0,0
14,0,9,1.8,75,1,1,1,68,56,71,42,65.0,1,1
19,1,11,1.5,65,2,0,0,81,51,49,79,60.33,1,1
19,1,12,1.4,57,1,0,1,96,41,59,42,65.33,1,1
16,0,11,3.1,82,0,1,0,36,92,92,65,73.33,2,1
15,0,12,5.3,67,0,1,1,35,37,49,85,40.33,0,0
17,1,9,3.5,89,2,0,1,70,71,54,43,65.0,1,1
15,1,12,4.2,62,2,1,1,67,40,58,42,55.0,1,1
16,1,9,2.9,99,1,1,0,65,73,96,74,78.0,2,1
14,1,10,1.0,88,1,0,1,39,36,40,46,38.33,0,0
14,1,12,1.6,98,0,0,0,78,38,74,65,63.33,1,1
15,1,11,5.4,82,1,1,0,35,42,36,44,37.67,0,0
17,0,10,5.6,62,0,0,1,97,65,52,58,71.33,2,1
17,0,12,4.3,68,1,0,0,80,100,75,67,85.0,3,1
18,0,11,2.3,85,2,1,0,90,60,42,77,64.0,1,1
14,0,11,1.7,55,1,1,1,42,52,99,42,64.33,1,1
14,0,11,3.2,51,1,0,0,78,53,93,78,74.67,2,1
17,1,10,1.4,70,0,1,1,54,82,43,84,59.67,1,1
15,1,11,4.3,91,0,1,1,41,75,69,53,61.67,1,1
18,1,12,2.6,56,2,1,0,53,37,65,52,51.67,1,1
14,1,12,1.4,83,0,1,1,50,51,66,86,55.67,1,1
16,1,11,5.9,76,1,1,1,98,93,67,89,86.0,3,1
16,0,11,3.8,90,2,0,0,99,79,45,86,74.33,2,1
19,1,11,4.3,55,0,0,1,35,74,44,68,51.0,1,1
14,0,10,3.9,54,0,1,1,96,36,40,59,57.33,1,1
15,1,9,2.4,75,1,1,0,43,100,91,44,78.0,2,1
19,1,9,4.9,97,2,1,0,36,88,36,74,53.33,1,1
14,1,10,5.4,58,1,0,1,55,72,87,54,71.33,2,1
17,0,10,2.5,64,1,0,0,99,65,62,65,75.33,2,1
17,1,11,2.1,61,1,1,1,38,42,49,43,43.0,0,0
15,0,11,2.1,60,1,1,0,69,56,44,79,56.33,1,1
14,0,12,3.1,87,0,0,1,98,52,73,63,74.33,2,1
18,1,9,5.1,75,2,0,0,79,60,60,49,66.33,2,1
15,0,10,2.2,78,1,0,0,57,69,47,65,57.67,1,1
15,1,9,5.1,81,2,1,0,51,56,66,43,57.67,1,1
19,1,12,1.1,64,1,1,1,97,54,38,51,63.0,1,1
17,1,12,1.6,68,1,0,0,37,70,76,77,61.0,1,1
14,0,11,5.4,65,2,1,0,51,96,45,43,64.0,1,1
19,0,10,3.8,93,0,1,0,84,71,94,49,83.0,3,1
19,0,11,3.2,93,2,1,0,56,58,68,70,60.67,1,1
17,1,10,2.0,98,2,1,0,36,80,68,87,61.33,1,1
16,1,12,3.5,86,0,1,1,48,65,61,47,58.0,1,1
19,0,12,4.9,92,1,1,1,64,50,64,89,59.33,1,1
16,0,10,3.1,59,1,0,0,46,47,39,67,44.0,0,0
17,1,11,5.6,51,0,0,0,41,40,67,57,49.33,0,0
16,1,11,2.4,64,1,1,0,51,58,41,67,50.0,1,1
19,1,10,4.5,96,0,0,1,61,78,91,93,76.67,2,1
14,1,10,1.5,73,2,0,1,37,98,78,48,71.0,2,1
17,1,10,2.9,66,1,1,1,50,52,72,60,58.0,1,1
15,1,12,5.9,93,2,0,0,73,65,42,56,60.0,1,1
15,1,11,2.1,96,1,1,0,51,73,67,69,63.67,1,1
18,1,11,2.3,54,1,1,1,38,87,54,92,59.67,1,1
16,0,12,0.8,63,0,1,1,78,38,74,70,63.33,1,1
18,0,12,1.4,88,2,0,0,73,70,86,95,76.33,2,1
19,1,9,5.2,80,2,1,0,77,42,64,68,61.0,1,1
18,1,12,2.4,93,2,1,1,58,55,46,80,53.0,1,1
15,1,11,1.7,51,1,0,0,90,50,69,87,69.67,2,1
19,1,11,2.2,81,0,1,0,39,51,91,67,60.33,1,1
16,1,9,5.8,71,0,0,0,60,39,80,71,59.67,1,1
18,1,12,3.1,81,1,0,1,75,35,64,81,58.0,1,1
14,1,11,5.5,90,2,0,1,63,42,76,72,60.33,1,1
17,0,11,3.2,51,2,1,0,86,90,42,65,72.67,2,1
17,1,10,4.0,74,1,1,0,96,63,35,64,64.67,1,1
19,0,12,5.5,74,1,0,0,78,87,80,63,81.67,3,1
17,0,9,5.8,96,2,0,0,87,38,78,43,67.67,2,1
14,1,12,0.5,73,0,1,0,60,98,89,92,82.33,3,1
15,0,10,0.8,65,0,0,1,79,43,78,85,66.67,2,1
18,0,12,3.2,71,2,1,1,97,50,92,76,79.67,2,1
19,1,9,3.5,93,0,0,1,85,42,43,80,56.67,1,1
16,0,10,1.1,58,1,1,1,59,70,65,40,64.67,1,1
17,1,12,5.6,82,1,0,0,91,82,61,57,78.0,2,1
16,0,11,4.1,74,0,0,1,63,67,78,91,69.33,2,1
14,1,11,5.8,76,0,0,0,80,53,45,68,59.33,1,1
16,0,12,5.4,96,1,1,0,84,87,85,90,85.33,3,1
19,0,9,1.2,99,2,0,1,49,88,62,79,66.33,2,1
16,1,12,4.4,53,2,1,1,78,64,77,60,73.0,2,1
19,0,12,5.9,59,1,0,0,99,86,75,80,86.67,3,1
14,1,10,3.5,68,1,0,0,73,49,84,77,68.67,2,1
15,0,9,0.8,73,1,0,0,39,40,74,59,51.0,1,1
15,1,12,3.8,59,2,1,0,93,77,52,73,74.0,2,1
17,0,9,1.8,87,0,1,0,43,64,50,57,52.33,1,1
14,1,10,1.8,53,2,1,1,53,77,41,55,57.0,1,1
14,1,10,3.8,92,2,1,1,91,42,83,61,72.0,2,1
16,1,11,5.5,96,2,0,1,55,84,38,49,59.0,1,1
17,0,11,3.6,82,2,0,1,85,37,70,55,64.0,1,1
18,1,11,4.1,82,2,0,0,98,56,68,52,74.0,2,1
16,1,12,0.8,96,1,0,0,43,76,89,46,69.33,2,1
14,0,12,5.3,82,0,1,0,53,57,46,54,52.0,1,1
18,0,10,3.2,68,0,1,0,54,35,49,53,46.0,0,0
17,1,11,1.4,76,1,0,0,90,66,53,60,69.67,2,1
15,0,11,1.2,65,2,0,0,51,61,76,78,62.67,1,1
16,0,12,1.1,91,2,0,1,86,36,55,66,59.0,1,1
17,0,12,2.6,57,0,1,0,68,44,38,57,50.0,1,1
16,1,10,2.5,87,0,0,1,90,93,95,53,92.67,3,1
15,1,9,1.2,75,0,1,1,73,88,74,83,78.33,2,1
19,0,9,2.7,93,0,0,0,62,41,62,87,55.0,1,1
14,1,10,1.8,93,0,1,1,56,90,83,90,76.33,2,1
18,0,9,6.0,53,0,0,1,75,57,37,47,56.33,1,1
15,1,11,4.0,100,0,0,0,77,76,73,61,75.33,2,1
15,0,11,4.6,51,0,1,0,63,86,71,82,73.33,2,1
15,1,9,3.4,69,0,1,1,42,59,69,68,56.67,1,1
14,1,12,5.2,82,2,1,1,52,49,90,87,63.67,1,1
16,0,11,5.1,82,1,0,0,47,46,89,84,60.67,1,1
18,1,9,5.9,98,1,0,1,55,41,51,54,49.0,0,0
16,1,11,5.5,74,1,1,0,56,99,91,92,82.0,3,1
17,1,11,1.1,63,2,1,1,79,98,45,50,74.0,2,1
18,1,9,1.6,95,2,1,0,39,53,52,55,48.0,0,0
16,1,9,1.9,71,1,1,0,90,52,71,59,71.0,2,1
16,0,12,4.0,54,2,0,0,48,69,80,92,65.67,1,1
18,1,10,4.1,73,2,1,0,82,74,71,69,75.67,2,1
14,1,12,1.2,95,0,0,1,67,64,80,46,70.33,2,1
17,1,10,5.2,87,0,0,1,37,74,64,53,58.33,1,1
18,0,10,2.2,99,1,0,1,96,43,53,94,64.0,1,1
16,1,11,5.5,89,1,1,0,69,68,43,61,60.0,1,1
19,0,10,5.3,88,1,0,0,71,97,66,66,78.0,2,1
17,1,10,5.0,66,1,1,0,75,65,98,70,79.33,2,1
17,1,11,5.8,70,1,1,1,59,84,44,50,62.33,1,1
14,0,10,4.8,85,2,1,0,52,80,70,92,67.33,2,1
14,1,10,3.0,50,0,0,1,85,73,91,60,83.0,3,1
17,0,12,5.0,99,2,1,1,79,94,63,91,78.67,2,1
19,1,11,5.6,70,0,1,1,100,78,77,44,85.0,3,1
18,0,12,1.1,95,1,0,1,83,67,90,82,80.0,2,1
14,1,9,0.5,92,2,0,1,74,60,40,83,58.0,1,1
16,0,11,2.9,54,2,0,1,91,69,40,46,66.67,2,1
17,0,12,4.0,90,0,0,1,78,39,89,92,68.67,2,1
14,0,12,5.0,94,2,1,0,79,63,42,88,61.33,1,1
18,0,10,2.1,53,1,1,1,75,78,90,95,81.0,3,1
16,0,12,4.1,97,2,1,1,51,62,65,92,59.33,1,1
19,1,12,1.0,69,2,0,1,83,84,40,42,69.0,2,1
19,1,9,5.1,51,1,1,1,46,50,74,74,56.67,1,1
16,1,9,2.1,82,2,1,0,39,70,80,80,63.0,1,1
18,0,12,5.3,61,2,1,0,43,96,40,81,59.67,1,1
18,0,11,6.0,86,1,0,1,57,86,52,81,65.0,1,1
16,1,10,3.2,71,2,0,1,46,36,57,56,46.33,0,0
18,0,11,2.5,93,1,1,0,41,92,74,74,69.0,2,1
16,0,10,3.2,71,1,1,0,48,49,87,77,61.33,1,1
14,1,10,0.5,83,0,0,0,47,47,84,75,59.33,1,1
16,1,9,1.2,89,2,1,1,57,55,99,40,70.33,2,1
16,0,11,1.8,92,0,1,1,40,75,65,48,60.0,1,1
16,1,9,1.9,80,0,0,1,51,44,93,68,62.67,1,1
14,1,12,5.1,100,2,0,1,58,43,53,73,51.33,1,1
14,1,10,4.9,87,2,1,1,58,69,50,58,59.0,1,1
14,0,11,5.0,72,0,1,0,38,77,85,79,66.67,2,1
18,0,10,4.7,86,1,0,0,83,100,91,57,91.33,3,1
16,0,9,4.8,85,1,1,1,70,57,72,53,66.33,2,1
18,1,12,0.8,60,1,0,0,62,60,47,81,56.33,1,1
17,0,11,0.6,64,1,1,0,45,88,95,92,76.0,2,1
19,0,12,1.4,89,2,1,1,40,39,40,53,39.67,0,0
16,1,10,4.8,89,0,0,1,73,62,71,45,68.67,2,1
16,0,12,6.0,89,2,1,0,36,53,51,67,46.67,0,0
18,0,9,1.1,54,1,0,0,88,98,52,69,79.33,2,1
18,1,10,2.9,86,2,0,0,86,35,40,82,53.67,1,1
19,0,12,3.1,71,1,1,1,59,61,62,48,60.67,1,1
16,1,9,5.0,69,0,0,0,38,100,36,62,58.0,1,1
15,1,9,2.7,87,2,1,0,90,88,40,69,72.67,2,1
17,1,10,3.5,85,1,0,0,93,85,78,95,85.33,3,1
14,0,11,0.6,68,0,1,0,66,96,93,57,85.0,3,1
16,0,11,2.9,68,0,0,1,56,63,80,52,66.33,2,1
14,1,12,4.9,74,1,1,1,45,70,79,95,64.67,1,1
18,1,12,3.1,65,2,0,0,68,82,77,55,75.67,2,1
17,1,12,3.0,87,2,1,1,58,71,55,65,61.33,1,1
18,1,11,1.2,99,2,1,1,85,95,99,54,93.0,3,1
18,1,10,4.6,71,2,1,1,57,53,94,90,68.0,2,1
14,0,11,1.1,71,0,0,1,47,60,59,68,55.33,1,1
18,0,10,5.6,80,2,1,0,52,100,45,93,65.67,1,1
19,1,12,2.9,54,2,1,0,56,69,89,76,71.33,2,1
14,1,9,5.9,86,0,1,0,98,82,62,58,80.67,2,1
16,1,11,1.4,54,1,1,0,64,36,90,46,63.33,1,1
14,1,12,6.0,65,0,1,1,79,53,97,73,76.33,2,1
17,0,9,1.7,61,0,0,1,54,84,63,55,67.0,2,1
17,1,12,4.1,54,2,1,0,76,41,65,61,60.67,1,1
17,0,9,4.5,63,1,0,1,96,99,74,70,89.67,3,1
16,1,9,2.6,97,1,0,0,66,72,42,58,60.0,1,1
18,0,10,3.5,72,2,1,1,89,51,36,77,58.67,1,1
18,0,12,1.6,82,0,1,0,91,44,56,94,63.67,1,1
14,1,11,0.7,87,0,1,1,40,49,93,51,60.67,1,1
18,0,10,5.3,50,0,1,1,90,94,90,61,91.33,3,1
18,0,11,6.0,87,1,1,1,90,38,76,56,68.0,2,1
17,0,11,3.6,96,0,0,0,59,76,76,70,70.33,2,1
18,0,9,1.4,67,1,1,1,78,61,89,40,76.0,2,1
18,0,9,2.7,59,0,0,0,65,60,51,92,58.67,1,1
16,0,9,4.2,68,2,0,0,74,66,75,41,71.67,2,1
15,1,9,5.0,79,2,0,1,54,57,84,43,65.0,1,1
14,1,11,4.8,73,2,1,0,69,71,97,59,79.0,2,1
15,1,12,4.2,88,1,0,1,67,38,55,74,53.33,1,1
16,0,12,4.9,92,2,0,1,91,59,86,58,78.67,2,1
14,0,12,2.2,95,0,1,1,59,75,46,49,60.0,1,1
18,1,9,4.2,100,0,0,0,65,84,81,55,76.67,2,1
15,1,10,4.7,76,1,0,1,99,83,82,40,88.0,3,1
17,1,12,0.9,53,1,1,0,35,56,73,65,54.67,1,1
18,0,10,0.6,77,1,0,1,63,86,50,73,66.33,2,1
15,0,9,0.8,50,0,1,0,37,93,36,51,55.33,1,1
18,0,12,3.2,70,0,1,0,85,42,98,91,75.0,2,1
17,1,10,1.7,100,1,0,0,63,66,96,60,75.0,2,1
16,0,11,1.6,84,0,0,0,86,46,99,64,77.0,2,1
15,1,9,5.9,82,2,0,1,40,49,82,88,57.0,1,1
18,1,12,4.3,70,2,1,0,70,85,65,80,73.33,2,1
17,0,10,5.8,84,2,0,1,96,84,63,40,81.0,3,1
19,1,10,1.2,64,2,1,0,53,40,94,82,62.33,1,1
18,0,11,1.1,58,1,1,0,61,57,45,95,54.33,1,1
14,0,9,4.7,56,0,0,1,48,87,39,42,58.0,1,1
19,1,12,0.8,71,1,0,1,58,72,87,40,72.33,2,1
18,0,10,2.7,73,0,0,1,52,95,80,68,75.67,2,1
15,0,9,3.7,71,1,1,0,54,68,47,73,56.33,1,1
19,0,9,5.5,56,2,1,1,40,73,79,49,64.0,1,1
18,0,9,1.7,87,0,0,0,83,48,90,63,73.67,2,1
14,0,12,3.7,92,1,0,0,75,90,36,85,67.0,2,1
16,1,9,2.0,75,2,1,0,59,51,63,44,57.67,1,1
14,0,10,4.9,61,2,1,1,67,40,79,75,62.0,1,1
18,1,12,4.5,93,0,0,0,39,42,89,80,56.67,1,1
17,0,9,2.3,64,0,0,0,90,99,91,45,93.33,3,1
16,1,9,0.8,54,2,1,0,74,55,52,78,60.33,1,1
17,1,11,4.4,67,1,1,1,97,43,46,92,62.0,1,1
14,1,9,3.5,57,0,0,0,83,71,88,58,80.67,2,1
14,1,10,5.3,67,2,1,0,94,41,69,56,68.0,2,1
18,1,11,3.7,57,0,0,1,51,95,99,88,81.67,3,1
17,1,11,5.5,80,2,1,1,100,84,59,85,81.0,3,1
16,0,9,3.1,93,2,1,1,64,55,86,64,68.33,2,1
16,1,9,5.2,77,1,1,0,87,60,95,93,80.67,2,1
14,1,12,5.3,98,2,0,0,43,85,46,64,58.0,1,1
18,0,11,2.0,70,1,0,0,56,89,72,51,72.33,2,1
17,0,10,5.7,82,1,1,0,76,60,75,42,70.33,2,1
14,0,10,5.0,74,1,0,1,43,100,99,48,80.67,2,1
16,0,12,5.1,73,1,1,0,61,35,97,62,64.33,1,1
16,0,12,2.6,97,2,1,0,60,74,84,50,72.67,2,1
17,1,9,5.1,86,1,0,1,87,88,92,59,89.0,3,1
15,0,10,4.5,57,2,1,1,77,77,60,69,71.33,2,1
15,1,11,1.0,83,1,0,1,97,88,46,61,77.0,2,1
18,1,11,1.9,56,2,0,0,38,73,76,48,62.33,1,1
18,0,9,2.3,66,0,0,0,45,48,77,70,56.67,1,1
18,0,9,5.1,96,0,0,1,51,46,72,82,56.33,1,1
16,1,12,4.7,64,1,1,0,72,44,42,92,52.67,1,1
15,1,10,3.6,72,0,1,0,83,61,99,88,81.0,3,1
14,0,10,3.7,78,1,0,0,76,70,39,40,61.67,1,1
17,1,10,2.3,73,2,0,1,39,39,89,63,55.67,1,1
17,0,12,3.6,52,0,0,1,74,36,66,68,58.67,1,1
19,1,9,3.1,81,0,0,1,58,40,46,44,48.0,0,0
14,0,10,1.1,95,1,1,0,68,84,72,88,74.67,2,1
14,1,9,5.2,77,1,0,1,98,46,94,45,79.33,2,1
15,1,10,5.4,61,0,0,1,86,75,86,42,82.33,3,1
19,1,9,3.8,91,2,1,0,64,84,98,66,82.0,3,1
18,0,10,1.2,83,2,0,1,78,67,92,49,79.0,2,1
18,0,12,2.0,83,1,1,1,50,96,56,47,67.33,2,1
14,0,9,2.4,80,0,1,1,96,49,85,49,76.67,2,1
17,1,12,3.6,56,1,0,0,87,51,98,44,78.67,2,1
16,1,11,5.8,65,2,1,0,72,62,41,72,58.33,1,1
18,0,12,1.6,98,0,1,1,37,47,70,81,51.33,1,1
18,1,9,2.2,98,1,1,1,70,48,49,94,55.67,1,1
15,1,9,2.6,76,1,0,0,83,72,84,54,79.67,2,1
15,0,9,4.2,53,1,0,0,50,39,63,50,50.67,1,1
14,0,11,1.1,91,0,1,1,71,100,63,65,78.0,2,1
17,1,12,4.9,50,1,1,1,95,65,38,68,66.0,2,1
14,1,11,5.6,68,0,1,0,67,58,75,43,66.67,2,1
19,1,11,3.1,76,1,1,1,45,82,51,81,59.33,1,1
18,0,10,4.3,76,1,1,0,50,38,75,80,54.33,1,1
17,0,12,4.3,81,2,0,1,75,42,85,57,67.33,2,1
14,0,9,3.4,86,2,0,1,77,80,79,55,78.67,2,1
15,0,10,5.9,54,0,0,1,49,36,82,68,55.67,1,1
15,0,11,4.7,99,0,1,1,57,50,52,92,53.0,1,1
19,1,10,1.5,60,1,0,1,59,51,78,78,62.67,1,1
19,0,10,5.6,73,1,0,1,89,60,55,62,68.0,2,1
18,0,12,1.2,67,0,0,1,93,86,74,40,84.33,3,1
18,1,9,3.9,75,1,1,1,49,37,83,55,56.33,1,1
15,1,9,2.9,56,0,1,1,59,49,80,68,62.67,1,1
15,0,10,4.0,96,2,1,1,58,81,70,77,69.67,2,1
14,1,11,2.7,71,2,1,0,75,38,75,79,62.67,1,1
17,1,9,2.7,70,2,0,0,64,94,38,95,65.33,1,1
16,1,9,0.8,79,1,0,1,86,82,50,45,72.67,2,1
17,1,12,4.3,89,2,0,1,50,79,56,93,61.67,1,1
19,1,10,3.6,51,0,0,0,95,41,62,57,66.0,2,1
16,1,11,5.8,99,2,1,1,88,79,73,70,80.0,2,1
15,1,10,4.0,80,0,0,1,74,89,51,40,71.33,2,1
16,1,11,1.9,64,0,0,1,88,91,88,81,89.0,3,1
19,1,10,1.6,71,1,0,0,36,78,93,42,69.0,2,1
17,0,10,4.1,68,1,0,0,94,46,69,92,69.67,2,1
16,0,10,1.0,75,0,1,1,55,48,89,43,64.0,1,1
17,0,11,1.8,81,2,0,0,65,89,100,47,84.67,3,1
19,0,9,4.4,95,1,1,0,98,88,60,46,82.0,3,1
16,0,12,0.7,54,0,1,0,54,74,48,93,58.67,1,1
15,0,12,2.2,75,1,0,1,92,66,58,89,72.0,2,1
18,0,11,5.3,72,1,0,1,65,99,61,76,75.0,2,1
14,0,11,1.5,86,1,1,0,83,64,55,58,67.33,2,1
14,1,11,3.9,65,2,0,1,56,97,38,66,63.67,1,1
14,1,10,0.7,55,0,0,1,60,89,66,40,71.67,2,1
17,1,10,5.2,65,1,0,1,71,51,48,47,56.67,1,1
14,0,11,3.9,59,0,0,1,98,63,68,87,76.33,2,1
15,1,9,2.8,66,0,0,0,87,87,52,57,75.33,2,1
18,0,10,3.5,92,2,1,1,73,40,80,42,64.33,1,1
15,0,11,1.0,63,2,1,0,82,50,52,70,61.33,1,1
14,1,10,4.5,96,1,0,0,88,85,70,75,81.0,3,1
15,0,12,3.1,64,0,1,0,46,59,84,76,63.0,1,1
14,1,11,3.5,81,2,1,1,95,49,56,64,66.67,2,1
15,1,12,0.6,60,2,0,1,60,95,61,67,72.0,2,1
17,0,12,5.4,54,0,1,1,97,95,96,95,96.0,3,1
15,1,11,4.3,56,2,1,0,45,39,40,47,41.33,0,0
19,0,12,1.9,77,2,1,0,68,44,94,60,68.67,2,1
15,1,11,3.5,87,0,0,0,74,92,48,87,71.33,2,1
17,1,9,4.6,86,2,1,0,42,58,42,91,47.33,0,0
17,1,11,2.0,96,0,1,1,42,60,48,80,50.0,1,1
14,1,12,4.6,90,0,1,0,61,40,98,47,66.33,2,1
16,1,10,4.5,55,1,1,0,74,98,93,95,88.33,3,1
17,0,12,1.4,82,0,0,1,52,58,90,63,66.67,2,1
19,1,12,2.0,70,1,0,0,90,42,55,55,62.33,1,1
15,1,10,0.9,69,2,1,1,42,48,69,89,53.0,1,1
18,0,9,3.7,85,0,1,1,57,44,81,95,60.67,1,1
16,1,12,4.1,83,0,1,1,42,37,60,47,46.33,0,0
18,0,10,3.5,51,1,0,1,51,69,53,70,57.67,1,1
15,0,11,2.1,85,2,1,0,50,70,86,55,68.67,2,1
14,0,9,5.4,65,2,1,1,56,44,84,57,61.33,1,1
15,0,12,4.1,59,0,1,0,47,72,99,74,72.67,2,1
14,1,11,2.4,59,0,1,1,74,39,88,46,67.0,2,1
19,1,10,3.2,77,0,1,0,35,88,51,48,58.0,1,1
18,0,12,3.9,73,0,1,1,93,100,46,69,79.67,2,1
16,1,12,3.5,88,1,1,1,41,80,61,53,60.67,1,1
14,0,12,3.7,92,0,0,0,42,85,72,92,66.33,2,1
16,0,9,5.2,61,0,0,1,43,79,80,68,67.33,2,1
16,0,11,5.4,77,0,1,0,43,66,63,83,57.33,1,1
17,1,11,2.1,89,0,1,1,89,100,86,89,91.67,3,1
15,0,9,1.8,93,0,0,1,49,43,70,63,54.0,1,1
15,0,10,5.1,89,2,1,0,76,35,58,55,56.33,1,1
16,1,10,0.9,50,0,0,0,58,70,74,62,67.33,2,1
15,1,11,1.9,83,2,1,1,48,67,78,48,64.33,1,1
14,1,12,3.3,58,0,0,0,96,85,55,52,78.67,2,1
16,1,10,5.1,53,0,0,0,42,71,63,71,58.67,1,1
14,0,9,1.5,77,0,1,1,91,48,96,71,78.33,2,1
18,1,9,2.6,85,0,0,1,83,52,90,55,75.0,2,1
14,1,11,3.6,64,0,0,1,80,96,68,60,81.33,3,1
19,1,11,3.4,88,0,1,1,81,54,60,43,65.0,1,1
18,1,12,5.7,92,1,1,0,85,50,60,61,65.0,1,1
19,1,12,3.4,64,2,1,0,57,47,43,81,49.0,0,0
15,1,11,1.0,63,2,0,0,68,76,100,73,81.33,3,1
19,0,11,5.5,53,2,0,1,55,93,43,51,63.67,1,1
18,0,11,5.5,75,0,0,1,99,52,86,84,79.0,2,1
19,1,9,1.3,74,1,0,0,96,56,36,48,62.67,1,1
18,0,11,1.0,97,2,1,1,67,50,96,90,71.0,2,1
16,0,11,5.0,53,2,1,1,70,57,59,67,62.0,1,1
18,0,12,1.3,91,2,1,1,70,63,37,40,56.67,1,1
14,0,12,4.9,52,0,0,1,50,66,83,64,66.33,2,1
14,1,9,4.7,85,1,1,0,97,39,81,82,72.33,2,1
17,0,11,5.9,78,0,1,0,37,64,39,60,46.67,0,0
17,1,11,2.9,84,1,1,0,58,51,93,78,67.33,2,1
19,0,9,5.5,72,1,0,0,47,46,50,57,47.67,0,0
16,0,9,3.2,74,2,1,1,55,84,80,61,73.0,2,1
14,1,10,1.9,58,2,0,0,38,76,76,88,63.33,1,1
19,0,10,1.9,96,0,1,0,92,69,36,40,65.67,1,1
14,0,9,4.2,84,0,1,0,72,98,94,60,88.0,3,1
18,1,12,1.9,62,0,0,0,78,100,98,84,92.0,3,1
16,1,12,1.7,71,0,0,0,94,89,46,53,76.33,2,1
15,0,11,4.1,82,0,1,1,55,59,84,79,66.0,2,1
14,1,10,2.5,57,2,0,0,78,70,88,73,78.67,2,1
14,1,11,5.1,93,2,0,1,93,59,62,64,71.33,2,1
15,0,12,4.9,63,0,0,0,56,99,58,78,71.0,2,1
16,1,12,5.0,50,2,0,0,60,46,93,86,66.33,2,1
18,0,9,1.6,74,0,1,0,54,62,81,62,65.67,1,1
18,1,11,2.3,82,0,1,0,51,46,44,92,47.0,0,0
19,0,11,1.1,96,1,0,0,54,71,75,79,66.67,2,1
15,0,10,0.7,71,2,0,0,97,36,98,40,77.0,2,1
19,0,10,3.8,52,2,0,0,75,62,51,53,62.67,1,1
16,0,9,4.2,90,2,0,1,53,78,63,69,64.67,1,1
17,1,9,3.1,73,1,0,0,89,37,43,54,56.33,1,1
17,0,12,4.9,66,2,1,1,78,36,80,55,64.67,1,1
15,1,10,3.9,88,0,1,0,97,44,71,89,70.67,2,1
14,1,10,5.2,94,0,0,0,66,47,57,93,56.67,1,1
19,0,9,5.2,94,1,1,0,62,45,41,62,49.33,0,0
19,1,10,3.8,76,2,1,0,95,82,70,56,82.33,3,1
14,0,9,3.5,50,0,0,0,56,89,86,44,77.0,2,1
15,0,9,3.5,60,2,1,1,60,73,57,41,63.33,1,1
14,0,9,1.0,53,2,0,1,86,95,67,80,82.67,3,1
17,1,12,1.4,64,2,1,1,51,42,61,49,51.33,1,1
16,1,9,1.7,51,2,1,0,68,97,61,56,75.33,2,1
18,0,10,2.9,70,2,0,1,49,40,85,79,58.0,1,1
17,1,11,1.9,78,2,1,0,71,67,50,82,62.67,1,1
14,0,10,2.6,71,2,0,0,93,37,46,91,58.67,1,1
14,0,9,4.1,85,0,0,1,81,43,75,93,66.33,2,1
18,1,11,1.7,80,0,0,0,73,51,43,67,55.67,1,1
18,0,11,6.0,97,1,0,1,80,57,73,89,70.0,2,1
18,0,9,4.8,84,2,1,1,80,42,85,74,69.0,2,1
15,0,11,5.6,55,2,1,1,45,66,70,53,60.33,1,1
15,1,10,5.0,97,2,0,0,42,58,62,40,54.0,1,1
15,0,11,2.8,68,2,1,1,58,35,85,74,59.33,1,1
17,0,9,2.0,90,2,0,1,36,70,83,72,63.0,1,1
19,1,10,2.9,96,1,1,1,39,96,64,68,66.33,2,1
18,0,9,4.8,71,1,1,1,80,43,99,52,74.0,2,1
16,0,11,5.9,61,2,0,1,97,93,89,75,93.0,3,1
15,1,9,4.7,76,1,0,1,70,89,90,70,83.0,3,1
15,0,12,2.7,76,1,0,1,83,96,60,45,79.67,2,1
19,0,9,1.7,67,1,1,0,72,56,53,91,60.33,1,1
14,0,10,4.4,54,0,0,1,49,78,90,65,72.33,2,1
15,1,10,0.8,70,1,0,0,85,96,62,92,81.0,3,1
17,1,10,4.9,76,1,1,1,92,60,53,91,68.33,2,1
14,1,10,1.9,92,0,1,0,99,55,50,67,68.0,2,1
18,1,9,3.2,65,2,0,1,68,68,93,95,76.33,2,1
14,0,11,3.1,57,1,0,0,62,48,69,53,59.67,1,1
15,1,9,3.5,74,1,0,1,76,64,44,65,61.33,1,1
15,0,12,1.7,62,0,1,1,80,73,45,57,66.0,2,1
15,1,9,2.4,91,1,0,0,90,45,69,48,68.0,2,1
19,1,9,2.9,76,2,1,1,53,63,73,72,63.0,1,1
14,1,10,5.9,80,0,0,0,62,59,56,82,59.0,1,1
18,1,9,2.0,54,2,0,0,91,81,75,75,82.33,3,1
16,1,11,3.4,61,0,1,1,70,45,48,55,54.33,1,1
19,0,10,2.7,98,0,0,0,53,83,51,55,62.33,1,1
14,0,12,4.8,56,2,1,1,74,64,53,70,63.67,1,1
19,1,11,3.0,81,1,0,0,87,99,76,88,87.33,3,1
18,0,9,1.9,67,0,1,0,58,75,89,62,74.0,2,1
15,1,10,4.2,62,2,1,1,75,36,57,71,56.0,1,1
19,1,10,2.9,96,1,1,1,51,65,50,95,55.33,1,1
17,0,11,3.2,84,2,1,1,99,52,98,47,83.0,3,1
15,0,10,5.4,84,2,0,1,100,100,46,43,82.0,3,1
19,1,9,2.0,52,2,0,1,96,88,76,73,86.67,3,1
14,0,11,4.0,100,1,1,0,95,41,45,44,60.33,1,1
16,0,11,1.1,57,0,1,1,87,49,44,76,60.0,1,1
16,0,12,3.3,50,2,0,0,47,93,100,47,80.0,2,1
18,0,9,5.3,91,0,0,0,63,67,43,70,57.67,1,1
14,1,9,1.6,88,2,0,1,90,56,37,89,61.0,1,1
16,1,11,3.0,74,1,1,1,47,96,53,44,65.33,1,1
17,0,9,4.0,88,2,1,1,85,66,64,56,71.67,2,1
17,1,12,4.5,85,2,0,1,81,78,61,43,73.33,2,1
18,1,9,4.6,59,0,1,0,53,83,44,60,60.0,1,1
17,0,9,2.8,68,2,1,0,43,92,43,60,59.33,1,1
15,0,9,1.9,84,0,0,0,50,94,83,69,75.67,2,1
16,1,11,3.4,99,1,1,0,72,85,43,65,66.67,2,1
15,0,9,2.8,90,2,1,1,36,88,95,69,73.0,2,1
17,0,9,4.9,88,0,0,0,63,55,63,73,60.33,1,1
15,1,10,4.0,83,0,0,0,89,56,76,51,73.67,2,1
18,0,10,1.7,90,2,1,0,75,85,42,59,67.33,2,1
16,1,12,3.6,65,0,1,0,96,43,85,44,74.67,2,1
19,0,12,1.9,56,2,0,1,43,98,52,69,64.33,1,1
18,1,9,5.8,91,1,1,1,35,78,64,95,59.0,1,1
14,1,11,1.8,79,0,1,0,81,54,91,87,75.33,2,1
15,0,10,5.3,73,0,1,0,73,40,85,73,66.0,2,1
14,1,12,0.5,72,1,0,1,100,67,80,59,82.33,3,1
19,0,9,1.4,56,2,1,0,57,95,62,78,71.33,2,1
15,0,10,5.7,74,2,0,1,40,100,68,77,69.33,2,1
16,1,11,2.3,80,1,1,0,39,43,36,93,39.33,0,0
19,1,9,4.6,57,1,0,1,59,80,56,48,65.0,1,1
14,0,11,2.9,99,1,1,0,38,58,62,70,52.67,1,1
16,1,9,3.2,60,0,1,1,67,60,78,76,68.33,2,1
15,0,12,5.5,96,0,1,0,96,87,81,70,88.0,3,1
14,0,11,1.3,79,1,0,0,99,91,55,58,81.67,3,1
17,1,12,3.0,81,1,0,1,88,92,84,93,88.0,3,1
15,0,9,3.6,91,2,0,1,49,92,37,57,59.33,1,1
14,1,10,4.4,62,0,1,1,35,85,73,81,64.33,1,1
19,1,11,1.7,95,1,0,1,82,88,98,40,89.33,3,1
18,0,10,4.7,67,1,0,0,71,75,54,41,66.67,2,1
17,1,10,2.3,88,1,1,0,75,44,73,57,64.0,1,1
18,0,9,5.7,72,0,1,1,67,59,75,88,67.0,2,1
17,0,9,3.2,66,2,0,1,35,98,84,52,72.33,2,1
14,1,12,1.5,59,2,0,0,58,59,78,85,65.0,1,1
14,1,11,3.7,51,1,1,1,48,92,75,49,71.67,2,1
18,1,10,5.4,69,2,0,0,51,42,67,92,53.33,1,1
18,1,12,4.6,60,0,1,1,48,42,35,95,41.67,0,0
19,1,10,4.0,51,1,0,1,40,37,64,89,47.0,0,0
19,1,11,4.7,88,2,1,1,42,68,57,64,55.67,1,1
17,1,11,0.7,97,2,1,0,93,76,65,45,78.0,2,1
19,1,11,5.2,78,0,1,0,70,78,78,82,75.33,2,1
19,0,11,2.0,68,2,1,1,72,62,82,54,72.0,2,1
14,1,10,4.1,57,1,0,0,89,52,55,40,65.33,1,1
17,1,9,5.7,61,0,1,0,53,41,80,92,58.0,1,1
18,0,11,3.6,94,1,0,0,85,87,91,86,87.67,3,1
18,0,12,3.2,56,2,1,1,93,52,36,81,60.33,1,1
17,0,10,4.3,89,0,0,1,79,35,86,76,66.67,2,1
14,1,9,0.9,73,2,0,1,93,35,97,44,75.0,2,1
19,1,12,3.2,87,0,0,0,44,62,69,64,58.33,1,1
19,0,12,3.8,65,0,0,0,80,91,86,46,85.67,3,1
14,1,10,3.5,70,1,0,1,67,86,73,46,75.33,2,1
18,0,11,3.0,54,2,0,1,47,72,80,51,66.33,2,1
19,1,10,1.6,83,0,0,1,56,90,35,87,60.33,1,1
16,0,12,2.1,88,1,1,0,75,57,40,52,57.33,1,1
18,1,9,4.3,73,1,0,1,67,100,81,40,82.67,3,1
15,1,9,1.5,99,0,0,0,73,66,76,73,71.67,2,1
16,1,10,1.8,65,1,1,0,70,83,49,47,67.33,2,1
14,1,9,4.7,52,2,0,1,90,53,54,55,65.67,1,1
19,1,11,1.3,50,0,1,1,47,77,78,53,67.33,2,1
17,0,10,0.8,80,1,1,1,61,88,54,81,67.67,2,1
15,0,11,1.8,87,2,0,1,64,70,57,62,63.67,1,1
17,1,11,2.9,52,0,0,1,41,85,80,48,68.67,2,1
17,0,11,4.5,79,2,1,1,77,68,84,54,76.33,2,1
15,1,12,2.4,91,0,1,1,100,99,76,78,91.67,3,1
15,1,10,4.0,52,0,0,1,87,94,48,63,76.33,2,1
16,0,11,1.1,60,0,0,1,61,81,99,68,80.33,2,1
15,0,9,0.7,57,1,0,0,60,85,43,41,62.67,1,1
14,0,9,3.1,79,2,0,0,40,55,94,88,63.0,1,1
16,1,9,5.2,70,2,0,1,35,35,43,69,37.67,0,0
17,1,12,0.8,66,2,1,0,40,50,38,50,42.67,0,0
14,1,9,3.1,53,0,0,0,94,41,69,83,68.0,2,1
15,1,12,4.8,56,1,0,1,57,64,62,40,61.0,1,1
14,0,10,5.6,51,1,0,0,66,59,57,95,60.67,1,1
19,1,9,2.4,51,2,1,1,85,73,96,83,84.67,3,1
14,0,11,1.3,79,2,0,1,36,60,97,56,64.33,1,1
14,0,9,1.7,64,0,1,0,66,35,91,57,64.0,1,1
14,0,10,2.1,66,1,0,1,49,75,69,76,64.33,1,1
16,1,12,4.2,94,2,1,1,78,88,79,42,81.67,3,1
17,0,11,5.4,50,1,0,0,36,38,90,84,54.67,1,1
14,1,11,2.6,54,1,0,0,97,51,41,75,63.0,1,1
17,1,12,3.6,92,1,0,0,56,77,82,48,71.67,2,1
18,0,11,3.9,85,1,1,0,53,51,60,53,54.67,1,1
15,1,9,5.4,70,0,1,0,49,50,80,93,59.67,1,1
17,1,10,2.0,97,2,1,1,91,98,56,49,81.67,3,1
19,0,11,0.6,51,0,1,1,77,56,40,45,57.67,1,1
18,0,11,3.1,80,0,1,1,63,59,55,80,59.0,1,1
16,0,10,5.8,90,1,0,1,40,84,92,76,72.0,2,1
15,1,9,4.0,67,2,1,0,44,54,68,83,55.33,1,1
14,0,10,1.4,51,2,0,1,57,69,58,56,61.33,1,1
18,0,10,3.0,93,0,1,0,99,42,90,74,77.0,2,1
15,1,11,1.6,61,0,1,1,35,69,92,82,65.33,1,1
19,1,11,6.0,63,1,0,0,74,43,88,42,68.33,2,1
17,1,10,1.9,62,1,1,1,66,93,65,80,74.67,2,1
14,1,9,5.7,61,2,1,1,88,44,47,67,59.67,1,1
14,1,10,3.7,79,0,0,1,57,36,40,70,44.33,0,0
19,0,11,3.4,64,1,0,1,75,82,68,43,75.0,2,1
17,0,11,4.6,61,0,0,0,77,36,61,68,58.0,1,1
14,0,11,3.9,74,2,1,0,81,80,59,84,73.33,2,1
16,0,12,1.5,94,2,1,1,46,79,81,55,68.67,2,1
18,1,12,1.6,82,0,0,1,83,72,93,66,82.67,3,1
19,0,9,5.1,55,0,1,0,83,100,49,40,77.33,2,1
18,0,10,1.3,100,0,0,0,38,68,84,75,63.33,1,1
14,1,11,1.6,78,1,0,1,95,87,93,48,91.67,3,1
14,0,9,4.0,54,2,1,0,95,69,90,42,84.67,3,1
14,1,11,4.4,56,0,1,0,84,41,36,78,53.67,1,1
16,1,10,1.5,56,2,0,0,70,70,64,44,68.0,2,1
19,0,12,2.8,60,0,0,1,85,94,73,59,84.0,3,1
14,1,11,1.7,72,0,1,0,97,99,93,66,96.33,3,1
15,1,12,1.2,81,2,1,1,72,91,48,68,70.33,2,1
18,0,11,2.9,99,0,1,1,41,57,77,59,58.33,1,1
19,0,10,2.9,61,1,1,0,77,81,64,51,74.0,2,1
14,1,10,2.1,87,2,0,1,46,70,74,95,63.33,1,1
16,1,9,2.3,76,0,0,1,81,54,87,71,74.0,2,1
16,0,12,5.6,51,1,1,1,61,35,70,50,55.33,1,1
15,1,10,3.0,68,0,0,1,82,68,35,92,61.67,1,1
17,0,10,3.3,94,0,0,0,87,35,78,74,66.67,2,1
15,1,12,1.9,99,2,1,1,68,40,41,89,49.67,0,0
18,0,10,3.8,78,2,0,0,71,83,57,42,70.33,2,1
18,1,9,4.7,100,1,0,1,45,64,41,74,50.0,1,1
19,1,9,5.8,54,0,1,0,57,59,56,56,57.33,1,1
14,1,11,5.3,72,0,0,0,53,86,38,43,59.0,1,1
16,0,10,4.4,66,1,1,0,98,91,45,74,78.0,2,1
19,0,11,1.8,87,1,0,1,98,98,96,54,97.33,3,1
15,1,12,4.4,86,1,0,0,49,78,45,61,57.33,1,1
16,1,12,0.8,52,0,0,1,55,63,58,41,58.67,1,1
19,0,11,3.6,55,2,1,0,75,44,82,78,67.0,2,1
18,0,9,5.0,71,2,0,1,94,63,81,90,79.33,2,1
19,0,10,5.5,79,0,0,1,83,87,71,91,80.33,2,1
19,0,11,5.4,75,0,0,0,79,78,95,55,84.0,3,1
15,1,11,4.8,86,1,1,0,42,54,95,69,63.67,1,1
14,0,11,2.1,62,2,1,0,86,96,43,46,75.0,2,1
18,0,11,4.3,77,2,0,1,36,39,56,86,43.67,0,0
16,0,11,4.7,96,0,1,1,84,94,78,60,85.33,3,1
15,0,12,1.4,79,0,1,0,40,69,61,53,56.67,1,1
15,1,9,1.6,73,2,0,0,89,47,72,83,69.33,2,1
16,0,10,4.4,91,0,0,1,99,64,66,88,76.33,2,1
19,1,9,3.6,69,2,0,0,85,56,40,60,60.33,1,1
15,0,12,2.0,65,2,1,1,95,92,82,41,89.67,3,1
19,1,10,1.0,82,2,1,0,100,51,51,42,67.33,2,1
16,1,12,5.9,67,0,0,0,60,44,84,80,62.67,1,1
19,0,10,1.0,74,2,1,1,92,78,59,55,76.33,2,1
15,0,9,1.7,66,1,0,1,43,100,62,69,68.33,2,1
16,1,9,1.9,65,1,1,0,52,64,92,89,69.33,2,1
14,1,11,1.6,84,2,0,1,75,71,81,72,75.67,2,1
19,0,11,4.3,97,2,1,1,37,35,64,78,45.33,0,0
17,1,9,5.8,84,0,1,0,38,89,88,57,71.67,2,1
16,0,12,6.0,64,2,1,1,75,45,65,52,61.67,1,1
19,0,11,2.3,81,1,1,1,89,61,38,72,62.67,1,1
14,0,10,4.5,71,1,1,1,91,44,54,80,63.0,1,1
17,1,9,3.4,55,2,1,0,62,97,41,49,66.67,2,1
18,0,12,5.1,72,1,1,1,35,87,47,60,56.33,1,1
19,1,10,5.4,93,0,0,1,74,44,51,80,56.33,1,1
17,1,10,5.5,68,1,0,0,66,67,97,90,76.67,2,1
14,0,10,2.3,61,2,0,1,90,40,78,95,69.33,2,1
16,1,11,4.2,87,0,0,1,71,65,49,58,61.67,1,1
16,1,10,3.2,93,1,0,0,80,49,95,75,74.67,2,1
19,0,11,5.8,56,1,1,0,100,66,50,68,72.0,2,1
19,1,10,3.5,97,0,1,1,81,63,41,56,61.67,1,1
14,0,10,5.4,54,0,1,0,89,100,42,72,77.0,2,1
18,1,12,5.5,60,2,0,1,41,98,38,49,59.0,1,1
17,0,10,5.1,96,0,1,1,51,75,47,89,57.67,1,1
14,0,9,1.4,77,2,0,1,93,50,82,51,75.0,2,1
17,0,9,2.9,95,0,0,0,40,77,99,58,72.0,2,1
18,0,12,1.8,93,0,0,1,67,98,87,46,84.0,3,1
15,0,12,2.0,100,0,0,0,63,98,97,94,86.0,3,1
15,0,10,3.6,87,2,1,0,96,49,98,61,81.0,3,1
18,1,12,3.4,92,0,0,0,56,88,53,45,65.67,1,1
16,0,9,2.0,85,0,0,1,47,97,74,72,72.67,2,1
15,0,9,5.1,92,2,1,1,79,36,97,41,70.67,2,1
17,1,11,5.9,52,1,1,1,73,52,93,44,72.67,2,1
16,1,9,4.8,92,2,0,1,84,37,92,83,71.0,2,1
15,1,11,4.4,85,2,1,0,57,36,91,84,61.33,1,1
15,1,11,3.5,84,0,1,0,41,100,76,54,72.33,2,1
17,0,10,2.8,83,0,0,0,92,86,89,55,89.0,3,1
17,1,9,5.5,56,0,0,1,57,66,65,61,62.67,1,1
17,1,9,3.9,99,0,0,1,53,73,76,83,67.33,2,1
17,0,9,5.1,62,0,0,0,61,77,85,67,74.33,2,1
17,1,10,2.5,84,1,1,1,80,53,67,61,66.67,2,1
18,1,9,4.9,50,1,1,1,64,44,77,53,61.67,1,1
19,1,9,2.7,60,1,1,1,53,67,37,74,52.33,1,1
17,1,11,2.2,95,0,0,0,37,37,68,75,47.33,0,0
14,1,11,4.1,55,0,0,1,84,64,59,89,69.0,2,1
18,1,12,5.6,69,1,1,0,75,84,97,94,85.33,3,1
18,1,10,1.1,66,0,0,0,47,43,88,94,59.33,1,1
15,0,11,4.2,76,1,1,1,93,70,77,50,80.0,2,1
19,0,10,1.9,98,1,1,0,97,86,67,59,83.33,3,1
14,0,12,1.4,59,0,0,1,63,85,51,84,66.33,2,1
15,0,12,3.2,67,1,0,0,55,88,85,49,76.0,2,1
15,0,9,1.8,55,1,0,0,78,79,54,46,70.33,2,1
16,1,9,1.0,77,0,0,1,75,79,63,64,72.33,2,1
19,0,10,1.6,69,1,1,0,64,98,37,45,66.33,2,1
19,1,9,1.1,57,2,1,0,37,82,98,84,72.33,2,1
19,0,9,1.7,94,0,1,0,99,84,73,61,85.33,3,1
18,1,11,2.1,83,2,1,1,82,44,45,93,57.0,1,1
14,1,12,5.7,93,0,1,1,66,69,37,49,57.33,1,1
15,1,12,3.2,89,1,0,1,40,100,60,51,66.67,2,1
19,0,9,2.9,91,2,0,1,69,36,70,66,58.33,1,1
15,0,10,3.8,98,0,1,1,85,60,68,72,71.0,2,1
15,0,11,4.1,70,1,1,1,85,65,97,54,82.33,3,1
19,1,12,5.3,68,0,0,0,37,96,71,68,68.0,2,1
18,0,10,2.6,69,2,1,0,48,79,38,91,55.0,1,1
17,1,12,1.9,58,1,1,0,87,74,89,62,83.33,3,1
19,0,11,1.6,95,2,1,1,41,44,80,86,55.0,1,1
16,0,9,4.0,61,1,0,1,53,59,56,43,56.0,1,1
19,0,12,0.6,92,2,0,1,49,46,88,92,61.0,1,1
15,1,10,1.4,86,0,1,1,84,85,84,40,84.33,3,1
16,1,10,4.5,53,2,1,0,48,66,50,59,54.67,1,1
19,1,9,3.8,54,0,1,1,75,73,45,42,64.33,1,1
16,1,11,1.3,81,0,1,0,80,61,46,51,62.33,1,1
16,0,10,5.1,69,2,0,1,55,41,39,76,45.0,0,0
16,0,9,4.6,85,1,1,0,99,67,73,61,79.67,2,1
14,0,9,5.6,52,0,0,0,79,95,86,52,86.67,3,1
14,0,12,3.8,57,1,0,0,44,60,66,76,56.67,1,1
16,0,10,1.6,58,1,1,0,43,39,92,81,58.0,1,1
17,0,9,3.4,94,2,0,1,92,56,36,66,61.33,1,1
14,1,12,3.5,75,0,0,0,43,86,68,86,65.67,1,1
18,1,9,4.3,52,1,0,1,48,92,70,80,70.0,2,1
16,0,11,5.0,93,1,0,0,74,68,82,66,74.67,2,1
19,0,10,3.8,92,1,0,1,99,83,41,70,74.33,2,1
16,1,12,4.6,90,0,1,1,86,43,58,45,62.33,1,1
16,0,10,2.5,52,2,0,0,58,41,59,79,52.67,1,1
18,0,11,2.8,77,1,0,1,68,46,58,70,57.33,1,1
16,0,11,4.6,67,0,1,1,41,46,64,59,50.33,1,1
18,1,12,4.4,60,0,0,0,41,92,83,73,72.0,2,1
17,0,12,3.4,56,1,1,1,54,77,91,89,74.0,2,1
16,0,10,1.6,53,2,0,0,63,83,38,66,61.33,1,1
14,0,10,3.2,79,2,0,0,36,45,89,56,56.67,1,1
19,0,10,4.4,69,2,1,0,68,45,76,83,63.0,1,1
17,1,12,1.5,92,0,1,1,44,67,73,82,61.33,1,1
19,1,9,2.8,57,0,0,1,100,62,68,81,76.67,2,1
14,1,12,1.8,51,2,1,0,79,89,55,72,74.33,2,1
15,1,11,2.8,55,1,0,1,56,79,73,84,69.33,2,1
15,1,12,0.7,64,2,0,0,80,76,85,48,80.33,2,1
17,1,10,3.4,60,2,0,1,48,85,93,55,75.33,2,1
14,0,9,2.3,50,0,0,1,72,44,95,64,70.33,2,1
19,0,10,4.2,83,2,1,0,44,55,39,70,46.0,0,0
14,0,11,2.9,92,0,0,0,46,72,83,94,67.0,2,1
19,0,11,3.8,80,0,1,0,70,98,60,60,76.0,2,1
19,0,11,5.3,91,1,0,0,79,63,43,93,61.67,1,1
17,1,9,4.4,87,2,1,1,92,96,80,93,89.33,3,1
17,1,9,3.2,68,2,1,0,91,53,76,79,73.33,2,1
15,1,9,5.4,82,2,0,1,36,41,82,59,53.0,1,1
17,1,11,5.4,94,1,0,1,50,85,36,60,57.0,1,1
16,0,9,3.6,83,2,0,1,78,90,99,58,89.0,3,1
18,0,11,5.6,71,0,0,0,77,59,46,50,60.67,1,1
19,0,10,5.8,65,1,1,0,58,64,90,76,70.67,2,1
18,1,10,1.6,92,2,0,0,81,95,49,41,75.0,2,1
14,0,10,5.0,60,1,0,1,68,47,49,51,54.67,1,1
18,1,11,1.4,61,2,1,1,47,98,69,76,71.33,2,1
15,0,11,3.5,74,2,1,1,60,81,75,43,72.0,2,1
18,0,12,0.8,57,0,0,0,88,37,87,73,70.67,2,1
16,0,11,3.2,73,2,1,0,79,82,69,69,76.67,2,1
17,1,10,1.2,68,2,0,0,87,38,45,48,56.67,1,1
18,0,11,4.0,86,1,1,1,49,50,92,86,63.67,1,1
14,1,11,5.3,71,2,1,0,94,66,43,47,67.67,2,1
18,1,9,1.2,100,2,0,0,94,55,42,61,63.67,1,1
17,0,11,0.9,56,0,1,0,76,39,58,87,57.67,1,1
16,1,12,4.4,94,0,0,1,71,59,67,77,65.67,1,1
19,1,10,3.7,77,1,0,1,68,37,43,45,49.33,0,0
14,1,9,5.7,72,0,0,0,43,45,49,47,45.67,0,0
15,0,11,3.4,60,2,1,0,47,86,65,52,66.0,2,1
19,1,11,5.8,62,2,1,1,51,73,98,45,74.0,2,1
15,1,10,3.1,62,0,1,0,73,86,97,56,85.33,3,1
15,1,11,2.8,63,0,0,1,88,77,81,55,82.0,3,1
16,0,12,3.4,65,2,0,1,91,93,46,90,76.67,2,1
15,1,10,3.4,93,0,0,0,73,89,90,89,84.0,3,1
16,1,11,5.5,86,2,1,0,88,95,64,71,82.33,3,1
14,1,10,4.9,93,1,0,1,99,53,100,46,84.0,3,1
16,1,9,3.5,98,0,1,1,55,41,35,54,43.67,0,0
17,0,10,4.4,97,2,1,0,50,90,42,52,60.67,1,1
18,1,12,4.3,52,1,0,0,54,47,97,62,66.0,2,1
14,1,10,5.2,94,0,0,0,61,94,36,60,63.67,1,1
15,0,10,1.3,78,0,1,0,60,75,53,86,62.67,1,1
17,1,12,4.3,70,0,1,1,52,72,66,75,63.33,1,1
16,1,12,5.9,71,2,0,0,52,99,55,77,68.67,2,1
16,1,11,2.9,57,2,1,1,65,96,76,40,79.0,2,1
18,1,12,5.0,94,2,1,1,78,38,76,47,64.0,1,1
15,1,9,3.4,97,0,0,1,52,86,78,42,72.0,2,1
16,0,10,5.6,74,1,0,1,42,86,38,64,55.33,1,1
18,0,9,2.0,94,2,1,1,87,35,87,44,69.67,2,1
14,0,9,3.8,67,0,1,0,76,80,44,75,66.67,2,1
18,0,10,1.9,64,2,0,0,96,75,81,45,84.0,3,1
15,1,9,5.3,91,1,0,0,62,66,43,72,57.0,1,1
15,1,9,4.8,88,0,0,0,92,62,71,68,75.0,2,1
14,0,10,3.5,61,0,0,0,58,60,75,58,64.33,1,1
15,1,9,0.8,91,0,0,1,80,54,59,70,64.33,1,1
18,1,11,2.5,63,1,1,1,48,66,99,85,71.0,2,1
14,0,12,0.9,88,1,0,0,73,45,64,62,60.67,1,1
18,0,9,4.6,62,1,0,1,73,97,70,91,80.0,2,1
14,0,9,2.2,76,0,1,0,93,80,96,81,89.67,3,1
14,1,11,4.0,51,0,0,0,89,75,51,41,71.67,2,1
19,0,10,3.3,69,2,0,0,72,67,64,75,67.67,2,1
16,1,9,5.8,62,1,0,1,90,53,44,84,62.33,1,1
15,0,9,2.3,82,1,0,1,39,62,83,74,61.33,1,1
14,1,12,5.4,59,1,1,0,42,98,70,48,70.0,2,1
19,0,12,1.3,91,0,0,0,98,63,67,79,76.0,2,1
14,0,12,4.3,66,2,1,1,84,42,60,62,62.0,1,1
18,0,10,5.6,81,0,1,1,98,96,40,94,78.0,2,1
16,0,10,4.6,90,0,1,1,46,100,80,92,75.33,2,1
19,0,10,1.6,52,2,1,0,68,57,58,77,61.0,1,1
15,1,11,3.0,67,1,0,0,72,98,93,80,87.67,3,1
15,1,9,3.3,66,0,0,1,97,38,74,41,69.67,2,1
16,1,11,5.8,81,0,1,0,61,77,67,85,68.33,2,1
15,0,12,4.6,56,0,0,1,98,87,91,49,92.0,3,1
14,1,9,2.2,89,0,1,1,43,82,64,77,63.0,1,1
19,0,9,4.4,57,0,1,0,81,99,93,75,91.0,3,1
19,1,9,3.5,95,0,0,0,74,66,52,65,64.0,1,1
16,0,10,5.0,69,0,1,0,86,70,78,67,78.0,2,1
17,0,11,3.9,53,1,1,1,50,39,80,75,56.33,1,1
14,1,12,3.9,57,1,0,1,93,96,57,47,82.0,3,1
17,1,10,0.5,73,0,0,0,64,97,80,94,80.33,2,1
19,0,11,5.2,50,1,1,0,81,40,48,74,56.33,1,1
19,0,9,4.9,93,1,0,0,83,97,72,86,84.0,3,1
18,0,10,3.8,91,1,1,0,45,80,45,42,56.67,1,1
18,0,10,2.2,74,1,1,1,49,59,88,94,65.33,1,1
17,1,12,3.8,73,0,0,1,86,91,57,45,78.0,2,1
17,1,12,1.4,89,1,0,0,81,85,80,83,82.0,3,1
15,0,12,1.3,87,1,0,1,79,79,94,69,84.0,3,1
15,0,9,2.9,96,0,0,1,68,90,92,86,83.33,3,1
15,0,10,1.7,61,2,1,1,53,80,42,42,58.33,1,1
14,1,11,1.7,51,0,0,0,79,76,88,57,81.0,3,1
15,0,9,4.9,100,1,1,1,60,100,66,67,75.33,2,1
16,1,10,5.8,55,1,0,0,65,76,69,53,70.0,2,1
15,0,9,1.1,59,2,1,0,99,94,56,88,83.0,3,1
14,1,10,3.5,80,2,0,1,73,35,82,42,63.33,1,1
19,0,9,2.7,59,1,0,0,88,82,63,44,77.67,2,1
17,0,11,1.1,75,0,1,0,81,72,48,91,67.0,2,1
17,0,9,1.0,71,0,0,0,100,48,62,62,70.0,2,1
14,1,12,4.4,96,0,1,1,97,68,36,51,67.0,2,1
19,0,9,0.9,100,2,0,0,37,81,92,81,70.0,2,1
14,1,12,1.2,50,1,1,1,60,71,92,74,74.33,2,1
17,0,9,1.7,50,0,0,0,69,63,45,62,59.0,1,1
17,0,10,1.1,99,1,0,1,58,92,60,50,70.0,2,1
15,1,9,5.3,87,0,0,1,95,37,45,76,59.0,1,1
17,1,11,2.0,59,0,0,0,74,72,65,66,70.33,2,1
16,0,11,2.4,67,0,1,1,98,39,73,55,70.0,2,1
17,1,11,3.5,74,2,0,0,88,76,62,66,75.33,2,1
16,0,11,4.6,77,0,0,0,63,41,56,79,53.33,1,1
18,1,11,2.8,77,2,0,1,87,66,39,75,64.0,1,1
14,0,11,3.9,59,1,1,1,70,50,57,79,59.0,1,1
19,1,11,0.9,60,1,0,1,86,64,82,74,77.33,2,1
18,1,11,1.8,88,2,0,1,95,68,93,43,85.33,3,1
14,0,10,4.7,94,2,1,0,91,88,66,75,81.67,3,1
17,1,11,1.8,57,2,1,0,49,74,89,46,70.67,2,1
18,0,12,5.7,89,0,1,0,73,51,35,94,53.0,1,1
15,0,10,3.9,89,2,0,0,92,74,77,47,81.0,3,1
15,0,9,2.4,99,1,1,0,38,69,80,94,62.33,1,1
18,1,11,4.7,100,0,0,0,80,90,74,61,81.33,3,1
14,1,11,3.7,97,0,1,1,81,82,52,71,71.67,2,1
14,0,11,4.3,50,1,1,1,44,50,50,53,48.0,0,0
18,0,9,3.8,99,2,1,1,96,88,90,74,91.33,3,1
19,1,12,5.8,97,1,1,0,55,51,55,90,53.67,1,1
19,1,10,5.4,83,1,1,0,99,46,95,47,80.0,2,1
16,1,11,3.2,95,2,0,1,95,50,43,46,62.67,1,1
18,0,11,4.4,79,1,1,1,79,39,96,73,71.33,2,1
16,0,12,3.8,64,0,0,0,38,93,55,55,62.0,1,1
14,0,10,0.6,85,2,0,1,39,63,40,63,47.33,0,0
19,1,11,4.1,76,1,1,0,72,66,98,53,78.67,2,1
18,0,9,1.3,96,1,0,0,49,47,84,75,60.0,1,1
15,0,9,0.9,91,0,1,1,59,93,48,51,66.67,2,1
16,0,11,0.5,62,0,1,1,79,43,62,76,61.33,1,1
15,0,10,1.0,88,0,0,0,44,63,92,45,66.33,2,1
18,0,9,3.8,64,0,0,1,72,53,47,57,57.33,1,1
16,1,10,3.7,82,1,1,1,82,73,70,94,75.0,2,1
19,0,9,5.8,94,0,0,0,79,73,39,83,63.67,1,1
18,0,9,3.1,65,0,1,0,47,94,82,64,74.33,2,1
16,0,12,5.9,63,0,1,0,59,55,88,77,67.33,2,1
17,0,11,3.6,50,0,0,0,93,81,65,49,79.67,2,1
15,1,11,2.4,95,1,1,0,95,62,46,51,67.67,2,1
16,0,11,1.0,99,1,0,1,97,68,90,84,85.0,3,1
19,0,11,5.2,93,1,1,0,54,84,93,40,77.0,2,1
16,1,9,4.2,74,0,0,0,66,56,87,89,69.67,2,1
14,1,11,4.0,64,0,1,1,98,53,99,40,83.33,3,1
16,1,10,4.2,71,1,1,1,95,80,95,82,90.0,3,1
18,1,9,0.8,56,1,1,1,43,46,81,46,56.67,1,1
17,1,12,4.7,65,1,1,1,95,69,59,66,74.33,2,1
14,0,10,5.0,63,2,1,0,84,76,59,91,73.0,2,1
17,1,9,5.3,63,2,0,0,89,50,52,42,63.67,1,1
18,0,12,5.6,94,1,0,0,79,40,69,80,62.67,1,1
17,0,11,2.5,98,2,0,0,59,92,95,44,82.0,3,1
18,1,9,5.1,66,2,0,1,89,78,60,51,75.67,2,1
14,0,10,2.3,93,0,0,0,43,74,51,59,56.0,1,1
15,1,12,2.9,56,0,1,0,68,53,44,70,55.0,1,1
16,0,11,1.9,50,0,0,1,84,47,50,71,60.33,1,1
14,1,12,4.2,84,0,0,0,65,72,42,48,59.67,1,1
19,1,11,4.2,67,2,0,1,58,36,96,46,63.33,1,1
18,0,10,3.6,72,2,0,1,83,64,51,72,66.0,2,1
15,0,12,0.5,50,2,1,1,75,52,35,40,54.0,1,1
17,0,9,2.6,100,0,1,1,83,56,89,61,76.0,2,1
14,1,12,1.8,66,1,1,1,66,67,98,62,77.0,2,1
17,1,10,5.4,86,1,1,0,44,78,39,57,53.67,1,1
17,1,11,3.0,66,2,0,1,82,89,76,81,82.33,3,1
19,1,10,0.5,77,0,1,1,92,79,44,51,71.67,2,1
19,1,11,2.0,59,1,1,0,37,54,62,61,51.0,1,1
17,0,12,2.0,92,1,0,0,83,96,87,63,88.67,3,1
15,0,9,1.7,68,2,0,1,54,78,64,73,65.33,1,1
15,0,12,3.1,87,0,1,1,64,49,96,79,69.67,2,1
15,0,10,2.3,55,1,1,0,99,38,68,78,68.33,2,1
15,0,10,1.4,54,0,1,0,60,37,94,77,63.67,1,1
14,1,9,0.9,65,0,1,1,61,82,78,92,73.67,2,1
18,1,9,4.6,96,1,1,1,93,36,99,48,76.0,2,1
16,1,11,4.0,61,2,0,1,96,70,49,87,71.67,2,1
17,0,9,6.0,90,1,0,0,84,78,83,46,81.67,3,1
18,0,12,4.8,56,1,1,1,58,60,49,45,55.67,1,1
19,1,10,2.8,99,1,1,1,64,87,99,58,83.33,3,1
16,0,12,2.3,77,1,1,1,95,98,40,63,77.67,2,1
19,0,11,4.2,50,1,1,1,59,97,90,51,82.0,3,1
14,1,9,4.1,66,2,1,0,61,63,48,93,57.33,1,1
16,0,11,5.8,53,2,0,1,91,97,40,77,76.0,2,1
18,0,10,5.6,92,0,0,1,87,72,95,77,84.67,3,1
18,0,11,5.1,94,1,1,1,46,78,75,82,66.33,2,1
14,1,9,0.9,62,1,1,1,44,83,39,62,55.33,1,1
17,1,9,4.9,50,2,0,1,40,51,40,48,43.67,0,0
14,0,11,4.9,67,2,1,0,83,99,70,76,84.0,3,1
16,1,9,2.9,59,1,0,0,84,68,71,47,74.33,2,1
18,0,11,0.6,76,0,1,1,100,96,47,43,81.0,3,1
14,0,11,1.6,52,1,0,1,50,84,48,45,60.67,1,1
15,1,11,2.3,56,2,0,0,87,50,49,62,62.0,1,1
19,0,10,1.8,85,2,0,0,78,76,88,71,80.67,2,1
15,1,9,3.1,58,0,1,1,92,92,65,80,83.0,3,1
16,1,9,0.9,81,2,0,1,38,96,58,42,64.0,1,1
19,0,9,4.1,70,1,0,0,53,70,49,71,57.33,1,1
17,0,9,5.7,61,1,0,1,64,72,43,64,59.67,1,1
14,1,11,4.5,94,1,0,1,61,48,47,50,52.0,1,1
15,1,9,3.3,53,0,0,0,40,44,69,78,51.0,1,1
18,0,10,6.0,92,1,0,0,53,90,90,72,77.67,2,1
17,1,12,5.3,98,2,0,1,66,71,100,69,79.0,2,1
19,1,10,3.3,85,0,0,0,50,54,66,51,56.67,1,1
19,1,10,1.2,59,1,1,0,82,81,66,40,76.33,2,1
18,0,9,3.9,88,0,1,0,88,51,72,71,70.33,2,1
19,0,11,3.9,94,1,0,1,87,70,46,46,67.67,2,1
15,0,9,4.1,86,0,0,0,89,45,36,60,56.67,1,1
16,0,11,3.8,62,0,1,1,52,100,87,93,79.67,2,1
17,1,11,2.9,76,1,1,0,76,63,46,86,61.67,1,1
19,0,12,5.8,79,0,1,0,71,73,92,41,78.67,2,1
16,1,11,2.7,61,1,0,1,51,71,54,63,58.67,1,1
18,0,11,0.5,56,1,1,0,44,56,75,84,58.33,1,1
15,0,10,5.5,71,1,0,1,59,72,81,90,70.67,2,1
16,1,12,3.5,60,1,0,1,74,42,81,46,65.67,1,1
15,0,12,4.7,82,0,1,0,45,79,97,84,73.67,2,1
16,0,12,2.7,57,0,0,0,39,93,64,58,65.33,1,1
19,1,12,0.6,89,1,1,1,39,75,97,41,70.33,2,1
17,0,12,1.6,67,1,1,1,80,97,80,58,85.67,3,1
15,0,12,0.6,61,2,1,0,35,67,72,56,58.0,1,1
18,0,10,4.6,68,2,1,1,87,79,63,77,76.33,2,1
19,0,10,2.1,78,0,1,0,38,60,86,78,61.33,1,1
15,1,10,5.5,73,2,0,1,79,69,85,56,77.67,2,1
15,1,12,0.8,54,0,0,1,87,56,35,59,59.33,1,1
19,0,11,3.3,87,2,0,0,42,70,98,48,70.0,2,1
14,1,10,3.4,52,1,1,0,95,42,41,83,59.33,1,1
19,1,12,4.9,74,2,0,0,65,42,86,52,64.33,1,1
17,1,11,3.6,90,0,0,1,94,70,43,69,69.0,2,1
18,1,9,2.6,95,0,0,1,74,61,79,51,71.33,2,1
18,0,11,2.5,69,1,1,1,67,57,93,77,72.33,2,1
18,1,12,5.4,62,2,0,1,72,68,58,45,66.0,2,1
17,0,11,4.1,87,2,1,0,78,92,82,70,84.0,3,1
17,1,9,1.1,56,0,1,1,93,90,63,60,82.0,3,1
19,1,11,4.9,54,2,1,0,66,56,92,64,71.33,2,1
14,0,11,5.8,99,1,1,1,93,67,57,47,72.33,2,1
14,0,12,5.5,70,2,0,0,42,94,58,67,64.67,1,1
14,0,11,4.6,84,0,0,0,99,36,98,58,77.67,2,1
15,1,9,3.0,70,2,0,0,79,75,76,83,76.67,2,1
16,0,10,3.5,51,1,0,1,72,60,53,70,61.67,1,1
18,0,12,4.7,81,1,0,0,61,38,67,83,55.33,1,1
17,0,10,5.1,95,1,0,0,46,91,37,95,58.0,1,1
15,0,11,1.2,87,0,0,1,73,96,88,76,85.67,3,1
15,1,12,5.4,84,1,1,1,50,80,81,45,70.33,2,1
19,1,11,3.7,86,2,1,0,70,94,38,64,67.33,2,1
18,0,12,0.9,60,2,1,0,54,83,74,80,70.33,2,1
19,1,10,3.1,82,1,1,1,54,72,97,60,74.33,2,1
17,1,11,5.2,73,2,1,1,39,61,72,75,57.33,1,1
14,0,11,4.0,66,1,1,0,54,72,91,43,72.33,2,1
19,0,12,5.7,93,1,0,0,78,86,44,81,69.33,2,1
19,1,9,3.6,69,0,1,1,88,83,51,78,74.0,2,1
14,1,10,5.1,94,2,0,0,56,60,49,67,55.0,1,1
17,1,11,5.0,58,0,0,0,76,66,72,94,71.33,2,1
16,0,12,4.6,71,1,0,0,43,42,67,95,50.67,1,1
15,1,10,0.9,71,0,1,1,59,80,88,86,75.67,2,1
19,0,10,4.5,70,1,0,0,81,59,85,44,75.0,2,1
18,0,9,3.7,75,2,0,0,66,54,70,79,63.33,1,1
19,1,9,5.4,63,2,1,0,67,78,88,86,77.67,2,1
16,0,12,5.4,92,2,1,0,95,78,82,42,85.0,3,1
18,1,9,0.7,79,1,0,1,90,97,73,47,86.67,3,1
19,0,12,2.0,86,2,1,1,37,43,36,76,38.67,0,0
19,1,12,2.7,80,1,1,1,46,92,40,60,59.33,1,1
19,0,10,6.0,58,0,1,1,54,37,66,68,52.33,1,1
19,1,10,0.7,53,1,1,0,80,65,97,88,80.67,2,1
17,0,9,5.7,64,0,0,0,43,90,39,74,57.33,1,1
17,1,10,5.9,51,1,1,1,68,94,87,69,83.0,3,1
16,0,11,0.6,98,0,0,1,53,54,75,58,60.67,1,1
18,0,12,3.4,54,0,1,1,65,67,88,84,73.33,2,1
15,0,11,1.6,97,1,0,1,49,52,88,70,63.0,1,1
14,1,10,2.2,55,1,0,0,40,41,89,83,56.67,1,1
19,1,11,1.6,93,0,1,0,97,67,63,80,75.67,2,1
15,0,12,3.0,57,1,0,0,53,95,39,80,62.33,1,1
14,0,11,1.6,59,2,0,0,98,35,86,48,73.0,2,1
14,1,9,3.6,63,1,1,0,91,63,95,58,83.0,3,1
18,1,9,4.3,68,0,0,0,36,63,91,64,63.33,1,1
15,0,10,4.0,89,0,0,1,50,96,35,88,60.33,1,1
19,1,10,0.6,92,2,0,1,68,60,69,85,65.67,1,1
19,1,10,3.8,65,1,1,0,99,88,43,90,76.67,2,1
14,0,10,2.7,91,1,0,1,89,48,39,64,58.67,1,1
14,1,11,1.1,69,1,1,0,61,84,37,69,60.67,1,1
15,1,10,5.8,79,1,1,1,58,39,71,81,56.0,1,1
17,0,10,4.4,88,0,0,1,92,35,99,80,75.33,2,1
17,1,10,0.5,76,1,0,1,92,49,68,40,69.67,2,1
16,1,11,5.3,55,1,1,1,69,56,86,67,70.33,2,1
14,1,11,4.0,90,1,0,1,48,52,58,67,52.67,1,1
17,0,11,5.5,99,0,0,1,93,80,77,76,83.33,3,1
18,1,11,4.3,72,0,0,0,91,82,35,78,69.33,2,1
15,1,9,1.7,87,1,0,0,63,39,95,47,65.67,1,1
16,1,9,2.8,74,1,0,1,97,47,35,57,59.67,1,1
18,1,11,1.3,69,2,0,0,75,71,79,56,75.0,2,1
19,1,9,5.7,78,0,0,0,66,79,95,82,80.0,2,1
17,0,10,4.3,69,0,0,0,93,69,60,81,74.0,2,1
14,0,9,5.0,50,1,0,1,93,75,38,64,68.67,2,1
15,1,10,4.1,73,2,1,0,48,41,63,82,50.67,1,1
16,1,11,5.9,51,0,1,0,67,38,40,73,48.33,0,0
14,0,11,3.8,86,2,1,0,85,72,74,53,77.0,2,1
15,1,12,3.7,85,0,0,0,76,48,72,94,65.33,1,1
18,0,11,1.4,98,0,1,1,63,98,78,89,79.67,2,1
16,0,12,1.8,53,1,0,1,66,52,65,75,61.0,1,1
15,1,10,5.8,55,1,1,1,81,64,49,84,64.67,1,1
17,1,10,5.4,93,1,1,0,52,42,95,46,63.0,1,1
17,1,12,1.8,73,0,0,1,46,82,66,87,64.67,1,1
16,1,12,3.8,66,0,0,1,42,62,74,47,59.33,1,1
14,0,11,3.4,54,0,1,0,35,68,89,83,64.0,1,1
16,1,12,4.9,94,1,1,0,69,56,49,62,58.0,1,1
19,1,11,4.4,68,0,1,1,42,53,59,64,51.33,1,1
17,0,9,4.7,58,1,0,0,64,89,56,71,69.67,2,1
14,0,12,2.5,81,0,1,1,56,67,39,76,54.0,1,1
19,0,11,3.7,52,1,0,1,92,40,70,76,67.33,2,1
17,1,11,0.5,88,2,1,1,59,98,42,47,66.33,2,1
15,1,9,3.4,61,0,0,0,40,52,48,91,46.67,0,0
17,0,12,5.3,99,0,1,0,39,61,72,81,57.33,1,1
18,0,12,2.0,70,2,1,1,79,61,87,42,75.67,2,1
19,0,11,5.1,53,2,0,1,97,46,42,64,61.67,1,1
18,0,10,2.6,65,0,0,0,45,45,51,41,47.0,0,0
17,1,10,1.5,73,2,1,0,95,77,96,76,89.33,3,1
15,1,11,5.0,98,1,0,0,50,58,47,46,51.67,1,1
18,1,9,2.0,93,0,1,1,98,80,49,65,75.67,2,1
16,0,12,4.0,97,1,1,0,74,46,97,54,72.33,2,1
17,1,9,3.8,80,2,1,1,45,63,56,56,54.67,1,1
14,1,10,4.3,80,1,0,0,50,68,90,79,69.33,2,1
18,1,12,2.6,84,2,1,0,81,58,87,70,75.33,2,1
16,1,11,1.6,95,1,0,0,76,38,60,78,58.0,1,1
16,0,11,3.5,65,1,0,0,84,99,90,59,91.0,3,1
14,1,12,1.2,86,2,0,1,76,96,53,77,75.0,2,1
14,0,10,5.2,78,1,1,1,95,44,99,93,79.33,2,1
18,0,10,1.1,69,0,0,1,40,61,64,64,55.0,1,1
14,1,9,2.6,100,0,1,1,88,69,48,74,68.33,2,1
18,1,9,3.2,79,0,0,0,61,51,56,93,56.0,1,1
17,0,12,4.3,52,2,1,1,47,97,88,46,77.33,2,1
16,1,10,1.0,66,0,1,0,53,80,51,56,61.33,1,1
14,0,9,1.5,85,2,1,1,99,86,63,68,82.67,3,1
14,0,11,2.1,72,2,0,1,97,76,70,88,81.0,3,1
15,1,11,1.2,94,2,0,0,85,76,48,74,69.67,2,1
14,1,9,3.1,97,2,0,1,63,46,64,78,57.67,1,1
14,1,11,2.5,54,2,1,1,37,99,95,92,77.0,2,1
14,0,10,2.8,98,0,0,1,89,70,49,64,69.33,2,1
19,1,10,3.8,75,2,1,1,74,62,84,80,73.33,2,1
18,0,10,4.6,87,0,0,1,54,100,86,92,80.0,2,1
18,0,12,3.9,82,0,0,1,66,100,45,75,70.33,2,1
15,1,11,0.8,80,1,1,1,80,64,51,48,65.0,1,1
14,0,12,4.5,89,0,1,0,43,78,62,51,61.0,1,1
15,0,12,3.0,52,1,1,1,69,51,76,78,65.33,1,1
14,1,11,0.9,69,2,0,1,63,67,36,53,55.33,1,1
16,0,12,5.1,84,2,1,0,39,57,80,61,58.67,1,1
18,0,12,4.9,88,0,0,0,50,43,70,75,54.33,1,1
18,0,10,3.5,55,1,1,1,62,58,41,65,53.67,1,1
16,0,11,1.4,93,0,0,1,100,76,50,88,75.33,2,1
14,1,10,5.2,93,2,0,1,45,97,92,42,78.0,2,1
18,1,9,0.9,57,2,0,1,84,99,96,51,93.0,3,1
15,0,9,1.6,67,0,1,1,96,39,46,85,60.33,1,1
18,1,10,5.1,86,0,0,1,56,91,77,44,74.67,2,1
18,0,11,1.6,60,2,1,0,49,68,99,42,72.0,2,1
14,0,9,3.6,57,2,0,1,72,84,53,66,69.67,2,1
19,1,12,4.8,61,2,1,0,39,74,48,62,53.67,1,1
14,1,11,3.6,77,2,1,0,69,98,100,68,89.0,3,1
14,1,9,1.0,86,1,0,0,99,94,84,40,92.33,3,1
18,1,9,2.1,67,0,0,0,60,91,64,60,71.67,2,1
16,0,12,0.9,78,0,1,0,98,42,56,59,65.33,1,1
15,1,12,0.6,65,0,1,1,97,39,38,64,58.0,1,1
18,0,10,2.9,77,1,1,0,88,48,45,70,60.33,1,1
19,1,11,3.2,75,1,0,1,91,69,75,73,78.33,2,1
15,0,9,4.3,75,1,0,0,53,86,92,51,77.0,2,1
15,1,11,5.5,65,0,0,0,42,95,53,45,63.33,1,1
18,0,9,2.8,81,2,0,1,78,72,61,43,70.33,2,1
19,1,10,2.5,67,2,0,0,44,51,53,73,49.33,0,0
19,1,10,4.4,89,2,0,0,39,75,63,82,59.0,1,1
16,1,9,2.5,61,1,1,1,87,96,100,54,94.33,3,1
19,0,10,1.4,67,0,0,0,62,94,60,77,72.0,2,1
17,1,12,1.6,53,2,0,1,39,98,38,48,58.33,1,1
19,0,11,1.9,61,0,0,1,47,42,64,84,51.0,1,1
18,0,9,2.7,92,2,0,1,45,43,72,84,53.33,1,1
17,1,9,1.6,80,0,1,1,89,89,68,53,82.0,3,1
17,1,9,5.3,78,2,0,0,73,35,44,65,50.67,1,1
17,1,11,5.3,100,2,1,1,57,82,42,94,60.33,1,1
19,0,9,5.4,62,1,1,1,42,44,46,51,44.0,0,0
17,1,10,3.2,85,1,1,0,89,41,39,85,56.33,1,1
19,1,12,1.1,81,2,1,0,79,63,41,52,61.0,1,1
15,0,11,3.2,82,1,0,0,65,87,68,86,73.33,2,1
17,0,9,5.1,72,1,0,1,89,81,44,60,71.33,2,1
19,0,9,0.9,59,2,0,0,57,81,91,57,76.33,2,1
19,1,10,1.1,58,0,1,1,60,83,97,84,80.0,2,1
15,0,12,4.4,82,1,0,0,85,60,64,77,69.67,2,1
19,1,10,1.1,81,1,1,1,60,99,58,50,72.33,2,1
16,1,12,5.1,87,2,1,1,42,53,43,69,46.0,0,0
18,1,11,2.1,67,1,1,1,36,88,74,41,66.0,2,1
17,0,11,3.6,61,0,1,1,83,90,73,83,82.0,3,1
14,1,9,4.6,90,2,1,1,44,79,73,94,65.33,1,1
14,0,11,5.9,91,0,0,1,79,58,98,64,78.33,2,1
14,0,10,1.5,58,2,0,0,89,76,83,41,82.67,3,1
18,0,10,4.6,54,0,0,1,98,66,60,93,74.67,2,1
18,0,12,4.9,54,1,0,1,72,78,44,59,64.67,1,1
15,1,10,5.5,60,0,0,0,68,64,60,48,64.0,1,1
19,1,10,5.6,70,2,0,0,85,77,81,86,81.0,3,1
14,1,11,4.9,60,2,1,1,74,37,95,80,68.67,2,1
16,0,12,5.1,92,2,0,0,54,44,89,91,62.33,1,1
17,1,12,5.9,77,2,1,1,95,94,66,77,85.0,3,1
18,0,11,4.5,51,2,0,0,98,87,95,89,93.33,3,1
16,1,11,1.4,97,1,1,1,54,74,89,47,72.33,2,1
15,0,12,5.3,53,0,1,0,90,37,93,77,73.33,2,1
15,0,10,1.9,71,1,0,1,97,49,96,86,80.67,2,1
19,1,9,5.4,100,0,1,1,96,87,79,43,87.33,3,1
15,1,12,5.9,78,2,1,0,82,69,42,71,64.33,1,1
16,0,9,4.0,84,0,1,1,78,37,51,57,55.33,1,1
15,0,9,1.3,72,1,1,0,35,59,84,94,59.33,1,1
18,0,9,0.7,91,2,1,0,63,93,67,77,74.33,2,1
16,0,11,5.1,50,2,1,0,36,36,37,60,36.33,0,0
16,0,11,4.1,82,2,0,1,63,97,66,43,75.33,2,1
17,1,11,4.4,57,0,1,1,90,84,85,78,86.33,3,1
16,1,12,3.9,54,1,1,1,50,90,50,63,63.33,1,1
17,0,9,3.3,97,2,0,1,81,96,39,80,72.0,2,1
14,1,11,2.5,86,1,0,0,54,37,75,58,55.33,1,1
17,1,9,2.1,52,1,0,0,70,66,84,81,73.33,2,1
19,0,12,1.5,97,0,0,0,80,81,92,71,84.33,3,1
15,0,11,1.7,87,2,0,0,42,85,99,89,75.33,2,1
18,1,12,4.7,56,0,0,1,49,36,35,69,40.0,0,0
15,0,12,5.5,51,2,0,0,38,95,46,41,59.67,1,1
19,1,10,1.2,69,1,0,0,62,49,55,72,55.33,1,1
14,1,10,1.9,59,1,1,0,62,91,60,86,71.0,2,1
17,0,10,4.7,51,2,0,1,92,96,40,81,76.0,2,1
16,0,11,2.1,92,0,0,0,56,72,69,47,65.67,1,1
18,0,12,2.1,99,1,1,1,51,47,45,51,47.67,0,0
18,0,10,1.5,83,2,1,1,62,49,51,92,54.0,1,1
19,0,11,0.5,99,1,0,0,57,61,41,56,53.0,1,1
15,1,10,3.7,98,1,0,1,92,98,42,65,77.33,2,1
16,0,11,3.2,89,0,1,1,79,53,45,53,59.0,1,1
14,1,9,0.5,65,0,0,1,49,60,64,89,57.67,1,1
18,1,9,0.9,86,2,0,0,36,55,73,62,54.67,1,1
14,0,11,2.0,75,1,0,1,57,43,52,62,50.67,1,1
18,1,12,4.6,93,0,1,0,95,36,59,91,63.33,1,1
17,1,9,3.5,67,2,0,1,74,55,89,65,72.67,2,1
18,1,12,3.2,83,1,0,0,64,37,91,73,64.0,1,1
18,0,10,2.3,97,1,0,0,90,83,61,77,78.0,2,1
15,1,11,3.3,53,2,0,0,94,82,76,71,84.0,3,1
17,0,10,4.9,95,0,0,1,89,86,72,64,82.33,3,1
19,1,11,3.6,83,2,1,0,48,52,81,65,60.33,1,1
18,1,12,5.4,50,2,0,1,62,58,95,62,71.67,2,1
17,0,10,4.8,83,2,1,1,42,63,96,66,67.0,2,1
15,1,9,3.6,66,1,0,0,57,70,97,85,74.67,2,1
17,1,9,0.9,87,1,1,1,55,82,62,91,66.33,2,1
19,1,12,5.7,75,0,1,1,64,59,71,47,64.67,1,1
19,0,12,2.4,82,0,0,0,98,35,61,74,64.67,1,1
14,1,12,2.2,94,1,1,0,59,58,50,92,55.67,1,1
18,0,9,1.4,91,1,1,0,96,72,65,60,77.67,2,1
18,0,11,2.3,51,1,1,1,45,42,61,77,49.33,0,0
18,0,9,0.6,96,2,0,0,73,35,69,88,59.0,1,1
16,1,11,3.2,100,1,0,1,92,72,54,81,72.67,2,1
14,0,12,1.0,95,1,0,1,41,57,87,69,61.67,1,1
16,1,12,4.6,62,1,1,1,75,95,54,42,74.67,2,1
19,0,10,5.8,72,1,0,1,95,77,90,47,87.33,3,1
16,1,12,2.8,99,2,0,0,43,74,67,69,61.33,1,1
14,1,10,2.4,89,1,0,1,63,46,39,83,49.33,0,0
19,0,10,4.0,61,1,0,1,98,69,42,64,69.67,2,1
14,1,12,2.6,99,2,1,1,93,62,39,54,64.67,1,1
15,0,11,2.0,87,1,1,1,69,81,42,75,64.0,1,1
15,1,12,2.1,55,2,1,0,90,81,82,89,84.33,3,1
17,1,11,1.5,74,1,1,0,82,98,62,71,80.67,2,1
19,0,12,1.7,78,2,1,0,46,78,41,91,55.0,1,1
18,0,12,5.5,55,0,0,1,67,60,93,94,73.33,2,1
14,0,11,3.9,72,0,1,0,85,70,37,76,64.0,1,1
15,0,9,3.7,93,0,1,1,61,83,66,90,70.0,2,1
15,1,9,5.4,69,1,1,0,70,82,71,68,74.33,2,1
14,0,9,3.9,97,1,0,1,44,68,60,68,57.33,1,1
16,1,11,2.2,82,1,0,0,51,56,61,74,56.0,1,1
19,1,11,5.5,88,1,0,0,87,65,48,48,66.67,2,1
18,1,12,5.1,95,1,1,1,97,49,42,43,62.67,1,1
16,1,9,1.4,65,2,0,0,39,66,80,47,61.67,1,1
15,1,11,0.6,57,1,0,0,59,71,42,67,57.33,1,1
18,1,11,2.6,67,2,1,1,92,43,60,82,65.0,1,1
14,0,10,2.5,88,0,1,1,73,85,40,69,66.0,2,1
18,1,11,2.2,70,0,1,1,38,48,45,74,43.67,0,0
14,0,11,4.1,69,1,1,0,72,99,93,77,88.0,3,1
16,0,11,0.9,54,2,0,0,62,77,79,79,72.67,2,1
15,1,10,5.6,67,1,1,0,55,74,76,83,68.33,2,1
19,1,10,2.8,66,2,1,1,64,92,47,74,67.67,2,1
14,1,12,1.5,57,2,0,0,36,71,69,92,58.67,1,1
16,1,10,5.0,57,1,1,1,71,94,70,51,78.33,2,1
19,1,12,1.9,92,2,1,0,86,76,50,41,70.67,2,1
17,0,10,4.7,98,0,0,0,71,35,83,46,63.0,1,1
18,1,11,5.5,87,0,0,1,65,44,65,69,58.0,1,1
18,1,11,1.1,69,1,0,0,80,84,94,57,86.0,3,1
18,1,12,4.0,69,1,1,0,54,50,47,78,50.33,1,1
14,0,9,0.8,67,2,1,1,49,78,95,80,74.0,2,1
19,1,11,0.7,62,1,1,1,41,85,83,73,69.67,2,1
19,0,11,2.5,72,2,1,1,88,66,36,76,63.33,1,1
16,1,11,2.8,62,2,0,0,67,93,73,67,77.67,2,1
16,1,12,2.2,77,2,1,1,81,81,66,50,76.0,2,1
14,0,9,5.4,84,2,0,0,46,51,50,44,49.0,0,0
16,1,11,1.1,56,1,0,1,53,99,49,64,67.0,2,1
16,0,9,2.6,69,0,1,1,75,70,84,57,76.33,2,1
14,0,10,4.9,69,2,1,0,75,82,89,79,82.0,3,1
17,1,9,3.0,50,1,0,0,70,93,87,45,83.33,3,1
19,1,12,4.0,72,2,0,1,40,84,69,54,64.33,1,1
19,1,9,3.5,66,2,1,1,83,95,82,71,86.67,3,1
19,1,9,3.7,81,1,1,0,44,97,67,47,69.33,2,1
14,0,11,5.5,88,2,0,1,84,71,59,66,71.33,2,1
16,0,10,4.8,99,1,1,0,63,90,45,68,66.0,2,1
17,0,10,1.1,82,0,0,0,100,36,47,43,61.0,1,1
19,0,11,2.0,76,2,1,1,81,64,46,66,63.67,1,1
15,1,12,4.1,70,0,1,0,100,53,57,50,70.0,2,1
14,1,10,1.8,85,1,1,1,57,82,71,81,70.0,2,1
17,1,10,3.5,76,1,0,0,85,90,67,63,80.67,2,1
14,0,10,5.7,77,2,1,0,64,87,42,75,64.33,1,1
14,0,12,0.9,97,1,0,1,62,71,78,67,70.33,2,1
17,0,12,5.3,53,1,1,1,39,66,92,75,65.67,1,1
19,1,12,4.3,57,1,1,1,56,72,80,83,69.33,2,1
17,1,11,1.5,64,2,0,1,98,41,76,70,71.67,2,1
16,0,10,5.2,69,1,1,1,76,84,61,48,73.67,2,1
18,1,12,2.2,69,1,0,1,74,63,64,68,67.0,2,1
14,1,12,1.3,72,0,0,0,98,42,100,59,80.0,2,1
15,0,10,2.2,89,0,0,1,87,44,80,83,70.33,2,1
14,1,10,5.4,73,1,1,1,79,46,87,53,70.67,2,1
15,0,12,0.8,79,1,1,1,59,82,51,51,64.0,1,1
15,1,12,5.9,84,1,0,0,50,75,55,90,60.0,1,1
16,1,9,2.1,88,2,0,0,44,62,92,92,66.0,2,1
16,0,9,3.8,78,1,1,1,66,48,47,88,53.67,1,1
16,1,9,2.6,88,2,1,0,89,36,66,49,63.67,1,1
16,0,9,5.9,85,2,1,0,39,48,76,54,54.33,1,1
19,0,10,3.9,66,1,0,1,94,39,58,42,63.67,1,1
19,1,11,3.7,74,0,1,1,63,51,68,56,60.67,1,1
16,0,9,4.4,66,0,1,0,52,88,37,68,59.0,1,1
19,0,10,4.0,52,1,0,0,100,99,38,68,79.0,2,1
15,0,12,0.8,58,0,0,1,91,77,48,46,72.0,2,1
19,0,12,0.7,93,2,1,1,78,94,100,53,90.67,3,1
14,0,9,4.0,77,2,1,0,57,47,50,91,51.33,1,1
15,1,9,5.4,97,2,1,1,39,99,35,47,57.67,1,1
15,0,11,1.2,60,1,1,1,99,60,96,64,85.0,3,1
19,0,9,2.4,97,1,1,0,40,77,82,93,66.33,2,1
14,1,12,1.9,68,2,0,0,98,70,68,68,78.67,2,1
14,0,11,1.2,95,0,1,0,38,100,93,71,77.0,2,1
17,0,12,1.8,91,2,0,1,94,53,41,94,62.67,1,1
16,0,11,3.2,78,0,1,1,89,56,72,42,72.33,2,1
15,0,9,3.1,80,1,1,0,49,71,80,55,66.67,2,1
18,0,9,4.9,90,2,1,0,83,99,79,57,87.0,3,1
16,1,9,1.7,75,0,1,0,89,42,91,83,74.0,2,1
16,1,11,2.6,97,1,0,0,73,82,54,48,69.67,2,1
17,0,9,1.3,76,0,0,0,51,83,63,72,65.67,1,1
18,0,12,4.8,85,0,0,0,99,77,99,82,91.67,3,1
15,1,10,5.4,76,0,1,1,57,80,96,53,77.67,2,1
17,1,12,0.7,63,1,1,0,64,65,73,78,67.33,2,1
17,0,12,2.7,95,2,0,0,88,86,85,48,86.33,3,1
17,0,12,3.1,70,1,0,1,51,97,83,88,77.0,2,1
16,0,12,4.8,81,1,0,1,69,75,40,43,61.33,1,1
15,1,12,2.5,89,1,1,1,53,50,87,81,63.33,1,1
18,1,9,0.6,97,2,1,0,69,55,94,57,72.67,2,1
19,0,10,4.9,68,1,0,0,79,51,63,68,64.33,1,1
14,0,12,4.4,86,1,0,0,39,84,65,67,62.67,1,1
15,1,11,3.7,77,2,1,1,82,55,54,43,63.67,1,1
17,0,12,4.7,72,2,0,0,72,86,95,73,84.33,3,1
19,0,11,2.8,85,2,1,0,37,65,72,95,58.0,1,1
14,0,12,4.9,62,2,0,1,37,52,52,73,47.0,0,0
16,0,10,2.1,52,2,1,0,53,80,44,47,59.0,1,1
18,0,11,4.2,52,2,1,0,43,46,96,71,61.67,1,1
18,0,9,5.2,63,1,0,0,79,76,61,42,72.0,2,1
14,1,12,1.4,58,1,0,0,91,73,35,67,66.33,2,1
16,0,9,3.3,77,1,0,0,61,64,100,61,75.0,2,1
19,1,9,0.6,96,2,0,0,66,57,69,86,64.0,1,1
18,1,11,1.3,99,0,0,1,98,70,78,52,82.0,3,1
17,1,11,3.2,98,2,0,0,48,67,96,55,70.33,2,1
19,1,12,4.1,99,0,0,0,60,55,46,59,53.67,1,1
16,1,12,5.6,61,2,1,1,65,69,90,82,74.67,2,1
16,1,12,0.6,70,2,0,0,60,52,94,53,68.67,2,1
15,1,12,0.9,68,1,1,0,92,81,56,93,76.33,2,1
17,0,11,0.8,53,0,0,1,93,78,97,42,89.33,3,1
15,0,10,1.1,89,1,0,0,52,66,63,48,60.33,1,1
18,0,10,2.6,74,2,0,0,74,77,62,59,71.0,2,1
17,1,10,2.9,58,0,1,0,73,59,92,94,74.67,2,1
17,0,10,2.7,86,2,0,0,78,56,87,95,73.67,2,1
18,0,11,2.5,100,1,1,0,86,58,81,95,75.0,2,1
16,0,11,3.4,76,0,1,0,50,67,70,86,62.33,1,1
14,1,11,1.5,50,1,0,0,76,42,93,80,70.33,2,1
15,1,9,1.8,62,1,0,0,89,39,41,82,56.33,1,1
18,0,9,5.0,84,0,1,1,66,67,79,92,70.67,2,1
18,0,12,4.5,53,2,0,0,39,63,67,58,56.33,1,1
15,1,11,4.6,52,0,1,0,73,46,82,46,67.0,2,1
15,1,10,4.8,63,0,0,1,75,97,70,52,80.67,2,1
17,1,12,1.8,96,1,0,1,51,98,72,90,73.67,2,1
19,1,12,3.7,76,0,0,0,65,55,90,55,70.0,2,1
19,1,11,4.4,75,0,0,0,87,64,97,94,82.67,3,1
17,0,11,5.7,99,1,1,1,70,68,94,72,77.33,2,1
18,0,12,6.0,63,0,0,1,67,71,71,66,69.67,2,1
15,1,12,3.0,77,1,0,1,95,74,94,59,87.67,3,1
17,0,9,2.3,77,1,0,0,95,51,84,61,76.67,2,1
16,0,9,4.0,73,0,1,1,51,66,77,62,64.67,1,1
17,1,10,5.8,72,2,0,0,86,68,59,41,71.0,2,1
16,0,10,3.2,81,0,1,0,67,47,71,48,61.67,1,1
19,1,12,4.3,90,2,0,1,96,100,62,82,86.0,3,1
19,1,9,3.6,50,0,0,1,61,80,90,68,77.0,2,1
19,0,10,3.6,73,0,0,1,92,48,57,85,65.67,1,1
15,1,10,3.1,76,0,0,0,42,60,40,90,47.33,0,0
19,1,10,2.3,72,2,0,1,52,75,83,51,70.0,2,1
14,1,10,4.2,77,2,1,1,67,42,100,61,69.67,2,1
17,0,11,3.1,79,1,1,0,54,94,93,43,80.33,2,1
14,1,12,2.2,89,1,1,1,85,56,99,71,80.0,2,1
16,0,9,4.3,85,1,0,0,81,52,71,84,68.0,2,1
19,1,10,4.0,54,0,1,0,73,71,83,61,75.67,2,1
15,1,9,2.2,93,1,1,1,45,78,49,60,57.33,1,1
19,0,11,4.8,92,0,0,1,65,43,71,84,59.67,1,1
14,1,9,5.2,72,2,0,0,72,65,48,87,61.67,1,1
14,1,9,3.6,55,2,1,1,94,58,97,51,83.0,3,1
19,1,9,2.8,79,0,0,1,55,44,57,66,52.0,1,1
17,1,10,3.5,70,1,0,0,88,52,91,52,77.0,2,1
19,0,11,5.5,83,1,1,1,78,56,82,92,72.0,2,1
17,1,9,0.9,92,0,1,0,45,38,75,73,52.67,1,1
17,1,10,0.7,70,1,1,1,41,49,66,89,52.0,1,1
15,0,11,0.6,77,1,0,1,65,53,87,58,68.33,2,1
16,0,11,3.2,81,1,0,0,42,87,60,93,63.0,1,1
18,0,11,3.7,65,0,0,1,51,57,35,81,47.67,0,0
16,1,11,1.4,57,2,0,0,50,65,70,75,61.67,1,1
17,0,9,4.4,74,1,1,0,78,82,71,61,77.0,2,1
15,0,11,4.9,97,0,1,0,78,61,88,68,75.67,2,1
14,0,9,4.5,97,2,1,1,71,35,98,48,68.0,2,1
16,0,10,3.6,74,0,1,0,80,76,82,41,79.33,2,1
17,0,12,1.8,76,0,0,1,78,45,59,62,60.67,1,1
14,1,9,5.1,55,1,1,0,63,93,77,49,77.67,2,1
17,0,9,1.5,97,1,1,0,60,49,35,48,48.0,0,0
17,1,10,5.1,55,0,1,1,53,88,50,59,63.67,1,1
17,0,9,4.6,65,2,1,1,46,97,37,75,60.0,1,1
16,0,11,2.5,76,2,1,1,94,78,99,74,90.33,3,1
17,1,12,5.1,69,1,1,0,38,39,95,67,57.33,1,1
15,1,9,2.2,59,1,1,1,88,57,41,69,62.0,1,1
17,0,11,5.0,50,2,0,1,56,52,43,59,50.33,1,1
15,0,9,1.4,80,2,0,0,97,81,96,45,91.33,3,1
18,0,11,3.3,97,1,0,0,50,47,72,59,56.33,1,1
18,0,11,5.8,74,2,1,0,41,74,93,65,69.33,2,1
15,0,9,2.0,80,2,0,1,97,48,66,77,70.33,2,1
15,0,10,5.9,81,1,1,1,75,45,65,90,61.67,1,1
14,0,11,1.2,62,1,1,0,60,99,52,91,70.33,2,1
14,1,12,3.5,69,1,1,0,81,53,64,42,66.0,2,1
17,0,11,2.3,80,1,1,0,92,59,60,45,70.33,2,1
18,1,11,4.2,81,1,1,1,62,58,66,43,62.0,1,1
18,0,11,3.6,67,1,0,1,63,85,85,44,77.67,2,1
19,0,12,3.9,54,1,0,0,90,52,93,91,78.33,2,1
16,0,9,1.6,68,1,1,1,46,69,39,59,51.33,1,1
18,0,11,5.3,84,0,0,1,89,94,49,74,77.33,2,1
16,1,10,3.6,58,1,0,1,73,88,69,86,76.67,2,1
15,1,10,0.7,95,1,0,0,69,81,40,74,63.33,1,1
19,0,10,3.9,97,0,0,1,92,37,77,87,68.67,2,1
19,0,10,6.0,88,0,1,1,71,57,56,94,61.33,1,1
14,1,9,5.7,74,2,0,0,80,60,54,91,64.67,1,1
15,0,9,2.8,93,0,0,0,89,98,39,83,75.33,2,1
17,1,12,2.2,66,2,1,1,98,55,90,81,81.0,3,1
19,1,9,5.9,73,2,1,0,95,45,56,65,65.33,1,1
17,0,12,1.1,51,0,0,1,37,83,39,73,53.0,1,1
18,0,12,3.9,91,2,1,1,59,97,97,51,84.33,3,1
16,0,9,5.0,67,2,1,1,68,47,92,65,69.0,2,1
18,0,10,2.0,97,2,0,1,83,72,69,89,74.67,2,1
19,0,12,4.0,71,0,0,1,39,95,76,51,70.0,2,1
14,0,12,5.2,69,2,0,1,90,37,57,69,61.33,1,1
18,1,12,4.3,56,0,1,0,66,65,84,53,71.67,2,1
19,0,9,1.5,78,2,1,0,83,50,91,68,74.67,2,1
15,1,12,3.3,61,1,0,1,76,45,35,89,52.0,1,1
14,1,9,1.9,94,0,1,1,83,82,56,69,73.67,2,1
17,0,12,4.3,71,0,0,1,71,67,90,40,76.0,2,1
14,1,10,2.0,59,0,1,0,38,65,36,62,46.33,0,0
18,0,10,0.6,81,0,0,0,73,67,72,44,70.67,2,1
14,1,10,2.7,89,0,0,0,61,67,76,90,68.0,2,1
19,1,9,0.7,54,2,0,0,86,76,91,41,84.33,3,1
19,1,11,1.3,90,0,0,1,52,87,84,43,74.33,2,1
15,1,12,3.2,53,2,0,1,98,89,49,80,78.67,2,1
14,0,12,4.4,95,0,0,1,64,42,87,40,64.33,1,1
17,1,9,0.8,53,1,1,0,69,55,99,51,74.33,2,1
15,1,10,3.9,64,0,1,1,73,98,81,90,84.0,3,1
19,1,12,2.4,78,2,1,1,83,83,71,51,79.0,2,1
16,0,9,1.7,67,0,1,1,66,94,44,95,68.0,2,1
14,1,9,4.9,63,0,1,0,39,65,95,81,66.33,2,1
19,1,10,1.2,59,2,0,1,38,93,68,56,66.33,2,1
14,0,12,1.9,69,1,1,1,65,67,63,58,65.0,1,1
17,0,9,2.8,90,0,1,0,62,41,100,95,67.67,2,1
19,0,11,2.7,59,1,1,1,78,49,43,88,56.67,1,1
14,0,10,3.2,97,1,1,1,94,64,100,75,86.0,3,1
14,1,12,2.5,99,1,1,1,80,63,93,83,78.67,2,1
18,0,9,1.1,54,1,0,0,88,62,69,49,73.0,2,1
15,1,9,2.8,64,0,1,0,54,73,65,51,64.0,1,1
14,0,11,2.8,62,2,1,1,72,59,48,63,59.67,1,1
15,0,11,3.1,59,1,1,0,88,76,99,65,87.67,3,1
14,1,9,1.0,92,0,0,1,44,40,85,53,56.33,1,1
16,0,9,2.4,55,1,1,0,87,54,45,69,62.0,1,1
15,0,9,5.1,75,1,1,0,72,89,98,80,86.33,3,1
15,0,12,2.4,56,1,1,1,40,97,44,42,60.33,1,1
18,0,11,0.8,54,1,1,0,96,69,96,62,87.0,3,1
18,0,9,4.3,56,0,1,1,64,82,58,89,68.0,2,1
18,0,9,6.0,94,1,1,1,93,72,45,90,70.0,2,1
18,1,10,2.8,59,2,1,0,88,57,36,66,60.33,1,1
15,1,10,0.6,78,1,0,1,66,82,47,44,65.0,1,1
16,1,12,4.7,74,0,1,1,65,94,43,57,67.33,2,1
19,1,10,3.0,92,0,0,0,54,62,56,54,57.33,1,1
19,0,9,5.3,70,0,1,1,52,64,65,60,60.33,1,1
17,0,12,3.8,83,2,0,0,59,70,85,69,71.33,2,1
14,0,11,3.3,92,2,1,0,94,82,48,54,74.67,2,1
14,1,12,3.9,67,1,1,1,68,94,90,55,84.0,3,1
18,1,10,2.8,67,0,0,1,79,37,41,89,52.33,1,1
18,1,9,2.9,92,0,1,1,63,62,95,64,73.33,2,1
19,1,9,5.6,85,2,0,1,35,41,53,79,43.0,0,0
18,0,11,2.2,68,1,1,1,85,86,57,60,76.0,2,1
16,1,9,1.9,65,0,0,1,57,97,82,76,78.67,2,1
19,1,10,1.0,50,2,1,1,49,57,62,84,56.0,1,1
15,1,10,4.8,50,0,0,1,75,69,72,60,72.0,2,1
14,0,9,2.1,61,2,1,1,77,67,57,95,67.0,2,1
16,0,12,3.0,57,0,0,0,94,99,52,65,81.67,3,1
18,0,11,4.3,53,1,0,1,71,62,40,57,57.67,1,1
18,1,10,1.9,65,2,0,1,42,74,62,72,59.33,1,1
14,1,12,3.4,72,1,1,0,42,72,38,53,50.67,1,1
15,1,11,5.5,78,0,0,0,69,55,35,95,53.0,1,1
15,1,10,5.6,93,1,1,0,96,67,91,84,84.67,3,1
14,1,9,3.3,96,2,1,0,71,53,70,85,64.67,1,1
16,1,11,2.2,71,2,1,0,75,80,62,83,72.33,2,1
16,0,10,5.6,61,0,0,0,83,51,88,76,74.0,2,1
15,1,11,4.3,64,0,0,1,70,51,100,87,73.67,2,1
15,1,10,4.5,71,2,1,0,57,57,99,44,71.0,2,1
17,0,12,3.0,74,1,0,1,100,35,95,71,76.67,2,1
17,1,10,5.0,94,1,0,0,46,38,75,54,53.0,1,1
16,0,12,4.3,61,2,0,0,46,59,84,69,63.0,1,1
14,1,10,1.9,80,0,0,1,54,77,82,60,71.0,2,1
15,1,12,3.7,67,1,1,1,79,65,71,47,71.67,2,1
17,0,9,0.9,91,0,1,1,80,89,69,61,79.33,2,1
17,1,10,4.0,83,0,1,1,98,57,49,73,68.0,2,1
17,1,11,4.2,76,0,0,0,50,48,81,72,59.67,1,1
17,0,10,1.0,67,2,1,1,72,86,97,86,85.0,3,1
15,1,11,5.2,81,0,0,0,51,37,100,87,62.67,1,1
14,0,12,1.6,53,2,1,1,66,43,63,85,57.33,1,1
14,0,10,2.5,74,0,1,1,45,48,56,88,49.67,0,0
18,0,12,4.0,71,2,0,0,87,83,79,74,83.0,3,1
14,1,10,2.7,81,1,0,1,47,84,93,69,74.67,2,1
16,0,9,1.7,70,2,0,1,78,87,88,70,84.33,3,1
19,0,12,3.4,76,0,1,0,77,39,69,95,61.67,1,1
16,0,10,3.1,76,2,0,0,77,36,65,79,59.33,1,1
16,1,11,1.4,98,0,1,1,47,79,52,84,59.33,1,1
16,0,11,5.2,84,0,0,0,39,49,61,53,49.67,0,0
19,0,10,1.3,100,2,1,1,84,37,71,72,64.0,1,1
18,1,10,5.4,81,0,0,0,55,58,71,55,61.33,1,1
19,1,11,4.7,71,0,0,1,43,44,54,61,47.0,0,0
14,0,10,0.7,71,2,1,0,72,74,78,85,74.67,2,1
18,1,12,1.3,78,0,0,1,92,77,97,69,88.67,3,1
14,0,9,1.9,52,2,0,1,91,42,89,82,74.0,2,1
15,0,11,4.3,78,0,0,1,51,56,58,52,55.0,1,1
16,1,10,2.3,56,2,0,1,75,41,47,87,54.33,1,1
14,1,11,2.0,96,1,0,0,84,61,62,77,69.0,2,1
15,1,9,4.5,51,2,0,1,97,79,52,77,76.0,2,1
15,1,10,1.6,57,0,1,1,71,50,88,74,69.67,2,1
19,0,9,5.8,67,1,1,1,54,79,64,93,65.67,1,1
14,1,9,2.2,82,2,0,1,82,68,79,50,76.33,2,1
15,1,10,1.7,50,2,0,1,82,98,86,47,88.67,3,1
19,0,9,6.0,50,2,1,0,43,62,49,80,51.33,1,1
19,0,11,3.6,66,0,1,1,41,96,42,57,59.67,1,1
16,1,12,5.9,57,0,1,0,54,42,70,78,55.33,1,1
15,0,10,5.0,90,0,0,0,83,39,81,40,67.67,2,1
15,0,10,0.7,77,1,0,1,92,82,54,93,76.0,2,1
16,0,9,5.1,82,0,1,1,75,90,84,86,83.0,3,1
18,0,9,0.9,77,2,0,1,43,53,97,72,64.33,1,1
16,0,12,1.6,63,0,1,0,47,91,85,82,74.33,2,1
14,1,10,3.3,60,2,0,0,92,49,68,80,69.67,2,1
18,1,11,0.7,55,1,0,1,89,86,56,89,77.0,2,1
19,1,12,5.7,61,2,0,1,91,58,66,90,71.67,2,1
15,0,12,1.0,77,0,0,0,60,36,83,71,59.67,1,1
16,1,11,5.5,78,1,1,1,38,98,71,80,69.0,2,1
17,1,11,2.3,79,0,0,0,39,64,46,50,49.67,0,0
19,1,10,2.1,81,2,0,0,74,86,39,54,66.33,2,1
17,0,11,1.5,64,0,1,1,76,48,50,58,58.0,1,1
16,0,12,1.6,56,0,0,0,53,89,68,45,70.0,2,1
17,0,12,2.7,53,0,1,0,55,86,62,74,67.67,2,1
18,0,10,1.4,64,0,0,0,70,42,69,40,60.33,1,1
19,1,12,1.4,97,2,0,0,74,72,60,40,68.67,2,1
18,1,12,5.7,83,1,0,0,70,74,50,88,64.67,1,1
15,1,12,5.2,87,2,1,0,45,69,89,52,67.67,2,1
18,1,11,1.6,81,1,1,0,55,50,55,47,53.33,1,1
14,1,9,1.3,89,0,1,0,70,78,99,79,82.33,3,1
18,1,12,5.7,90,0,1,1,71,43,89,92,67.67,2,1
14,1,10,2.4,80,1,0,1,56,41,94,84,63.67,1,1
19,1,9,5.4,59,2,0,0,77,100,80,75,85.67,3,1
17,0,10,5.2,65,1,0,1,99,37,98,58,78.0,2,1
19,0,9,2.2,82,0,0,0,62,68,43,87,57.67,1,1
19,0,10,2.4,56,0,1,1,58,37,36,56,43.67,0,0
17,1,12,4.4,85,0,0,0,44,55,65,68,54.67,1,1
17,0,9,1.7,60,0,1,0,56,70,93,45,73.0,2,1
16,0,11,1.3,94,2,0,0,42,65,91,75,66.0,2,1
17,0,12,2.3,82,0,0,1,39,99,79,88,72.33,2,1
14,0,12,4.1,76,1,0,1,80,47,74,93,67.0,2,1
19,0,9,5.1,82,1,0,0,44,36,35,91,38.33,0,0
14,0,9,2.4,60,1,0,0,72,90,100,69,87.33,3,1
18,0,11,2.2,80,0,0,0,77,93,44,74,71.33,2,1
19,1,10,0.6,88,2,0,1,97,73,63,74,77.67,2,1
17,1,11,3.3,62,2,0,0,99,51,90,44,80.0,2,1
16,0,9,3.8,73,2,1,1,100,86,42,48,76.0,2,1
17,1,11,1.6,72,2,1,1,51,62,71,54,61.33,1,1
18,0,9,6.0,62,1,0,1,74,71,59,74,68.0,2,1
14,1,9,3.6,57,2,0,1,98,59,43,77,66.67,2,1
17,1,9,3.7,90,2,1,1,89,65,35,88,63.0,1,1
19,0,12,3.5,90,2,1,1,68,67,55,69,63.33,1,1
16,1,11,1.0,97,2,0,1,36,62,40,70,46.0,0,0
15,0,9,1.2,69,0,1,0,44,50,85,44,59.67,1,1
16,0,11,2.1,92,2,0,0,69,96,77,66,80.67,2,1
17,0,10,0.5,66,2,1,0,68,62,44,74,58.0,1,1
15,0,10,4.6,67,0,1,1,66,96,91,44,84.33,3,1
15,1,12,3.4,86,1,1,1,66,62,71,79,66.33,2,1
16,0,12,3.7,98,0,0,0,74,90,55,82,73.0,2,1
19,0,12,1.0,69,0,0,1,65,99,54,89,72.67,2,1
17,0,9,2.3,94,2,0,1,38,41,49,40,42.67,0,0
17,1,12,1.0,76,2,0,1,35,80,61,89,58.67,1,1
18,0,9,1.0,58,0,0,0,64,78,49,79,63.67,1,1
17,1,11,5.7,95,2,0,1,100,63,74,67,79.0,2,1
17,1,12,2.2,71,1,0,1,93,59,46,55,66.0,2,1
16,0,9,2.6,52,2,1,1,50,51,75,66,58.67,1,1
14,1,9,1.9,61,1,1,1,65,69,38,70,57.33,1,1
17,1,11,5.1,98,1,0,0,71,41,48,44,53.33,1,1
18,1,11,1.2,66,0,1,0,36,66,73,94,58.33,1,1
15,1,9,4.3,68,2,1,0,75,78,74,66,75.67,2,1
17,1,11,2.1,85,0,0,0,39,97,48,92,61.33,1,1
14,1,11,3.0,69,1,0,1,80,35,55,58,56.67,1,1
14,0,10,4.2,68,0,1,0,48,86,64,77,66.0,2,1
15,0,10,5.0,75,2,1,0,54,55,96,49,68.33,2,1
18,0,12,2.6,84,1,0,1,51,63,69,89,61.0,1,1
14,0,11,3.2,60,1,1,0,48,83,46,73,59.0,1,1
18,1,11,5.0,72,0,0,0,36,80,83,63,66.33,2,1
18,0,11,4.6,83,0,0,1,90,37,76,84,67.67,2,1
19,1,9,3.0,57,2,0,0,36,68,69,75,57.67,1,1
18,0,12,5.0,84,1,1,1,58,66,93,43,72.33,2,1
14,1,12,1.0,98,1,0,1,38,73,91,69,67.33,2,1
14,1,9,3.1,69,2,0,0,66,71,81,64,72.67,2,1
16,0,9,3.3,69,1,1,1,70,64,69,41,67.67,2,1
18,0,9,4.4,86,0,0,0,99,70,84,58,84.33,3,1
14,0,10,4.5,87,1,0,0,99,78,98,82,91.67,3,1
19,1,12,5.9,97,0,0,0,68,99,83,61,83.33,3,1
14,1,10,0.8,86,2,0,0,80,69,44,41,64.33,1,1
18,0,9,5.5,75,2,0,0,83,60,73,49,72.0,2,1
15,0,11,4.8,93,0,1,0,96,65,58,58,73.0,2,1
14,1,11,5.6,86,1,0,0,65,87,79,68,77.0,2,1
19,1,9,5.8,98,2,1,1,46,64,37,83,49.0,0,0
18,1,10,2.9,100,2,1,1,69,61,53,91,61.0,1,1
16,1,9,2.9,50,0,0,1,55,87,59,53,67.0,2,1
15,0,9,2.6,95,0,1,0,76,95,62,70,77.67,2,1
19,0,11,3.4,95,2,1,1,90,75,60,81,75.0,2,1
18,0,10,3.2,54,1,0,0,81,39,95,50,71.67,2,1
14,0,11,2.9,54,2,0,0,38,57,53,55,49.33,0,0
17,1,12,2.8,68,0,1,0,64,76,57,89,65.67,1,1
14,0,9,0.7,86,2,0,1,73,62,39,43,58.0,1,1
16,1,12,4.2,69,0,1,0,54,43,62,51,53.0,1,1
15,1,12,5.2,89,2,0,1,37,51,85,51,57.67,1,1
18,0,9,0.8,100,1,0,1,45,66,46,66,52.33,1,1
19,1,12,0.9,74,2,1,0,78,58,39,86,58.33,1,1
14,0,10,2.5,88,1,0,1,41,90,80,75,70.33,2,1
14,0,9,5.7,77,0,0,1,64,54,36,48,51.33,1,1
14,1,9,2.9,55,2,0,0,41,65,80,76,62.0,1,1
17,0,9,5.5,60,2,0,0,39,89,89,56,72.33,2,1
14,0,10,2.6,72,0,0,1,48,62,59,79,56.33,1,1
18,1,10,4.0,72,0,0,1,74,49,58,43,60.33,1,1
14,1,12,1.4,87,0,0,1,35,71,67,52,57.67,1,1
16,0,11,5.7,72,0,1,0,51,35,48,58,44.67,0,0
16,1,12,3.5,98,1,0,1,54,92,72,48,72.67,2,1
17,1,10,5.7,96,1,0,0,77,97,46,41,73.33,2,1
16,1,10,0.9,98,0,0,1,84,55,48,95,62.33,1,1
15,0,10,3.1,95,0,1,0,51,55,68,77,58.0,1,1
16,1,9,1.5,91,2,1,1,84,92,45,63,73.67,2,1
14,1,10,3.0,81,2,0,1,98,69,83,58,83.33,3,1
18,0,10,5.5,89,2,1,1,55,55,93,41,67.67,2,1
16,1,9,4.7,100,2,1,0,97,87,39,40,74.33,2,1
19,0,10,5.1,99,0,1,0,57,40,69,92,55.33,1,1
19,0,9,3.8,86,0,0,1,35,59,50,74,48.0,0,0
15,1,10,2.0,91,2,1,1,91,59,92,87,80.67,2,1
15,1,10,5.6,96,0,1,0,75,86,59,81,73.33,2,1
18,0,12,2.9,72,0,1,0,80,41,59,41,60.0,1,1
18,1,9,3.3,78,2,1,0,56,47,70,85,57.67,1,1
14,1,11,1.9,64,0,1,1,50,54,82,69,62.0,1,1
14,1,9,2.4,50,1,0,1,57,65,99,62,73.67,2,1
17,0,12,2.3,53,0,0,1,45,67,49,61,53.67,1,1
15,0,12,1.2,70,2,0,0,41,81,79,52,67.0,2,1
19,0,9,3.4,80,0,0,1,43,58,83,45,61.33,1,1
19,1,11,2.8,90,0,1,0,52,100,97,71,83.0,3,1
17,1,12,3.3,89,2,1,0,66,52,88,81,68.67,2,1
14,1,12,0.9,71,0,1,1,75,40,36,45,50.33,1,1
16,0,9,1.1,78,1,1,1,49,77,67,52,64.33,1,1
17,1,11,4.0,73,2,0,1,59,46,94,44,66.33,2,1
18,1,9,2.6,88,1,0,1,72,70,38,45,60.0,1,1
14,1,12,5.2,72,1,1,0,79,89,92,71,86.67,3,1
18,0,10,5.8,72,0,0,1,95,82,64,70,80.33,2,1
18,1,12,5.4,92,2,0,0,58,86,41,84,61.67,1,1
14,0,12,4.7,59,1,1,0,72,91,78,90,80.33,2,1
14,0,9,2.1,58,2,0,0,77,65,79,72,73.67,2,1
15,0,9,5.0,91,1,0,1,40,37,36,41,37.67,0,0
17,1,10,2.4,53,2,0,1,73,77,68,77,72.67,2,1
16,1,10,5.3,82,2,0,1,85,50,99,57,78.0,2,1
18,0,9,0.5,83,1,1,0,47,57,89,80,64.33,1,1
19,1,12,3.8,88,1,0,0,51,95,57,92,67.67,2,1
15,0,11,3.6,61,2,1,1,53,70,82,82,68.33,2,1
16,1,11,4.0,64,0,0,1,63,38,99,81,66.67,2,1
19,0,10,5.6,90,0,0,1,60,80,100,66,80.0,2,1
16,1,12,4.5,56,0,0,0,90,48,44,88,60.67,1,1
18,1,11,3.9,64,0,0,1,61,73,95,54,76.33,2,1
19,1,9,5.9,92,1,1,0,99,53,58,65,70.0,2,1
14,1,12,3.8,97,0,1,0,59,70,96,62,75.0,2,1
14,1,12,1.5,97,0,0,1,35,52,97,49,61.33,1,1
15,0,11,3.7,90,0,0,1,96,49,87,89,77.33,2,1
19,1,9,3.2,93,0,1,0,82,40,72,46,64.67,1,1
15,1,12,3.3,79,0,0,0,45,68,41,62,51.33,1,1
16,0,12,3.8,66,1,0,1,47,44,92,81,61.0,1,1
15,1,12,5.5,70,2,0,0,80,84,71,59,78.33,2,1
19,0,11,4.0,59,0,0,1,40,82,43,90,55.0,1,1
16,0,11,5.5,93,0,0,0,36,77,66,56,59.67,1,1
14,1,12,2.3,71,1,0,0,80,74,76,85,76.67,2,1
16,1,11,4.5,76,2,1,1,54,40,78,66,57.33,1,1
17,0,11,4.6,76,1,1,0,43,56,48,80,49.0,0,0
18,0,10,1.7,66,2,0,0,57,82,50,76,63.0,1,1
14,0,10,5.5,77,2,0,1,47,92,40,54,59.67,1,1
18,1,9,0.8,87,0,0,1,84,97,45,52,75.33,2,1
18,0,9,4.2,75,1,1,0,92,67,73,91,77.33,2,1
18,1,11,3.0,78,0,0,1,87,76,75,50,79.33,2,1
19,1,11,2.4,59,1,0,0,68,42,70,87,60.0,1,1
19,1,9,1.1,92,1,0,0,42,40,56,86,46.0,0,0
17,1,12,5.7,98,2,1,0,45,97,99,51,80.33,2,1
15,0,12,4.5,91,2,0,1,76,87,43,56,68.67,2,1
15,1,9,2.8,60,0,0,1,84,86,72,53,80.67,2,1
14,0,11,2.2,52,2,1,0,60,70,41,73,57.0,1,1
18,1,10,2.7,76,2,1,0,53,74,59,57,62.0,1,1
14,1,11,1.7,88,0,0,0,53,90,79,61,74.0,2,1
17,1,10,2.2,79,0,1,1,96,72,66,52,78.0,2,1
15,1,10,3.1,54,0,0,0,74,64,91,56,76.33,2,1
18,0,9,1.8,85,1,0,1,35,89,53,91,59.0,1,1
16,0,11,4.2,98,2,0,0,40,79,61,78,60.0,1,1
18,0,12,2.5,96,1,1,1,90,47,59,58,65.33,1,1
16,1,9,5.8,94,1,1,1,62,41,77,56,60.0,1,1
18,1,10,5.6,95,1,0,0,46,37,60,88,47.67,0,0
15,0,9,4.8,98,0,0,1,66,96,99,52,87.0,3,1
16,0,9,1.6,73,1,1,1,92,81,40,74,71.0,2,1
14,1,10,4.5,63,1,0,1,62,43,54,62,53.0,1,1
19,1,12,2.8,99,0,1,0,100,58,75,51,77.67,2,1
16,1,12,5.7,66,1,1,0,52,75,38,59,55.0,1,1
17,1,9,3.6,71,2,1,1,80,41,99,49,73.33,2,1
19,0,10,2.4,95,1,0,0,60,96,69,70,75.0,2,1
17,1,11,3.2,97,2,1,1,73,41,68,86,60.67,1,1
19,1,9,4.4,95,0,0,1,93,95,70,44,86.0,3,1
17,1,12,4.5,86,2,0,0,59,55,50,71,54.67,1,1
16,0,10,1.1,53,0,1,1,97,76,55,41,76.0,2,1
16,1,12,1.9,91,2,0,0,60,94,91,48,81.67,3,1
17,1,12,3.9,84,1,0,0,57,52,64,63,57.67,1,1
16,0,9,5.4,69,1,1,0,63,66,57,57,62.0,1,1
19,0,10,1.9,54,1,0,1,62,63,42,82,55.67,1,1
15,0,11,0.7,55,2,0,1,38,96,66,89,66.67,2,1
18,1,10,0.8,51,1,1,1,54,36,56,57,48.67,0,0
16,1,10,1.8,96,0,1,0,75,41,81,59,65.67,1,1
15,0,10,1.6,59,2,1,0,63,42,66,52,57.0,1,1
15,1,12,5.1,96,1,1,0,53,88,77,92,72.67,2,1
15,0,11,4.4,84,1,0,1,83,49,65,84,65.67,1,1
16,1,11,2.3,64,1,1,0,40,66,48,88,51.33,1,1
15,1,12,2.7,89,0,1,0,61,95,95,80,83.67,3,1
15,0,12,3.9,90,2,0,1,57,56,49,84,54.0,1,1
14,0,12,3.2,58,0,0,1,77,93,53,71,74.33,2,1
15,0,11,3.9,100,2,1,0,64,76,46,56,62.0,1,1
17,1,11,4.9,92,0,1,1,82,98,40,76,73.33,2,1
18,1,10,5.1,50,1,0,0,51,57,95,50,67.67,2,1
14,1,10,1.6,72,2,1,0,78,54,76,64,69.33,2,1
14,1,11,0.9,83,0,1,0,35,94,78,44,69.0,2,1
18,0,11,2.8,93,0,1,1,83,97,91,78,90.33,3,1
14,1,9,1.2,52,2,1,1,45,98,62,87,68.33,2,1
16,0,11,2.0,100,2,1,0,87,59,87,76,77.67,2,1
14,0,10,4.8,69,2,0,1,93,46,83,55,74.0,2,1
17,1,12,5.6,72,0,1,0,69,56,85,66,70.0,2,1
18,0,9,2.2,71,1,0,1,77,80,66,55,74.33,2,1
17,1,9,5.2,88,2,1,1,96,100,92,69,96.0,3,1
15,1,12,1.0,87,0,1,0,94,86,39,72,73.0,2,1
18,1,11,5.7,56,2,1,1,47,38,80,62,55.0,1,1
14,0,12,4.9,99,2,0,0,56,48,82,56,62.0,1,1
18,0,10,0.8,55,1,0,0,58,65,40,70,54.33,1,1
16,0,12,4.9,61,1,0,1,87,96,99,87,94.0,3,1
14,0,12,5.6,90,0,0,1,87,51,96,79,78.0,2,1
15,1,12,1.8,75,1,0,1,54,91,72,67,72.33,2,1
15,1,9,0.5,86,1,1,0,43,47,54,46,48.0,0,0
18,0,9,2.9,91,0,1,0,87,46,89,51,74.0,2,1
15,1,11,1.9,99,1,0,0,88,59,38,59,61.67,1,1
19,1,10,3.8,52,0,0,1,93,93,90,44,92.0,3,1
19,0,12,4.7,83,1,0,0,82,81,86,42,83.0,3,1
15,1,9,2.6,74,0,0,0,69,53,100,80,74.0,2,1
18,0,12,2.5,91,1,0,0,79,50,95,76,74.67,2,1
15,0,9,0.5,58,2,1,0,78,49,66,70,64.33,1,1
16,0,11,1.9,73,2,1,1,49,96,67,57,70.67,2,1
19,1,10,0.6,92,2,1,0,96,72,49,75,72.33,2,1
18,1,12,0.5,92,0,0,1,94,35,40,93,56.33,1,1
17,1,11,4.7,50,2,1,0,50,46,36,78,44.0,0,0
18,0,12,1.4,72,0,1,1,48,65,98,75,70.33,2,1
17,1,9,4.6,69,1,0,1,74,87,90,94,83.67,3,1
18,0,9,2.6,87,0,1,0,68,41,64,57,57.67,1,1
18,1,10,5.7,74,0,0,0,81,95,57,65,77.67,2,1
19,0,9,4.1,96,0,0,0,70,84,99,79,84.33,3,1
19,0,9,0.8,82,2,1,0,89,51,67,95,69.0,2,1
15,1,10,2.6,53,1,1,1,73,74,92,43,79.67,2,1
19,0,10,5.3,74,2,1,0,79,78,69,93,75.33,2,1
18,0,10,4.2,62,1,1,0,82,91,81,64,84.67,3,1
18,1,10,5.4,90,2,1,0,36,81,42,89,53.0,1,1
14,0,10,0.5,50,1,1,1,71,84,87,48,80.67,2,1
19,0,10,3.7,78,2,0,0,95,82,68,56,81.67,3,1
15,1,11,1.2,64,1,0,0,97,90,53,90,80.0,2,1
19,1,10,5.4,96,2,1,0,83,100,66,85,83.0,3,1
16,1,11,1.7,50,2,1,1,55,99,52,89,68.67,2,1
15,1,11,0.8,98,0,1,1,77,100,70,65,82.33,3,1
16,0,10,1.5,59,1,0,1,85,55,70,48,70.0,2,1
19,1,11,1.3,86,2,0,0,61,90,42,57,64.33,1,1
16,1,11,4.4,66,0,0,0,64,79,95,84,79.33,2,1
15,0,10,4.8,95,2,1,0,50,44,41,73,45.0,0,0
16,1,9,1.8,52,1,1,0,57,66,98,71,73.67,2,1
19,0,10,3.8,55,2,1,0,94,37,74,54,68.33,2,1
16,1,12,2.7,84,1,1,0,56,65,57,68,59.33,1,1
16,0,11,5.9,51,2,1,1,88,79,99,44,88.67,3,1
16,1,10,1.0,97,0,0,0,79,75,89,52,81.0,3,1
17,0,10,4.2,70,1,0,0,72,99,65,84,78.67,2,1
14,1,12,0.8,65,1,0,1,100,66,61,40,75.67,2,1
17,0,11,3.5,70,2,0,1,79,82,85,87,82.0,3,1
15,0,12,1.1,86,0,0,0,76,53,51,80,60.0,1,1
15,1,11,5.8,60,0,0,0,65,82,85,65,77.33,2,1
14,0,10,4.2,98,0,0,0,45,59,70,43,58.0,1,1
14,1,9,3.4,96,1,0,1,82,53,50,65,61.67,1,1
14,1,11,1.8,99,1,0,1,55,93,66,43,71.33,2,1
18,1,10,1.6,94,0,1,1,99,40,52,61,63.67,1,1
16,1,9,4.0,94,2,0,0,54,59,89,93,67.33,2,1
17,0,11,2.1,98,0,0,0,50,36,94,92,60.0,1,1
18,1,9,1.0,82,1,0,0,99,97,70,48,88.67,3,1
16,1,10,3.3,63,0,0,0,51,68,75,93,64.67,1,1
19,0,10,4.3,90,0,1,0,81,65,88,54,78.0,2,1
14,1,12,5.1,75,1,0,0,74,42,66,88,60.67,1,1
14,1,11,1.9,71,0,1,1,67,89,68,72,74.67,2,1
16,1,11,2.9,91,1,0,0,54,99,73,60,75.33,2,1
15,0,10,0.5,86,1,0,0,86,89,93,88,89.33,3,1
17,0,9,1.5,79,0,1,0,86,74,65,61,75.0,2,1
18,1,11,5.9,57,0,0,0,38,93,52,67,61.0,1,1
17,1,10,2.5,63,2,0,0,87,71,51,90,69.67,2,1
19,1,9,3.2,62,2,1,0,97,48,69,78,71.33,2,1
19,0,10,3.7,70,1,1,0,42,69,90,61,67.0,2,1
19,0,9,3.3,84,2,0,1,55,66,38,58,53.0,1,1
15,1,10,4.6,97,2,1,1,69,63,38,86,56.67,1,1
19,0,12,2.9,97,0,0,1,71,63,81,42,71.67,2,1
14,0,9,3.5,60,0,0,0,57,78,48,61,61.0,1,1
15,1,12,3.4,94,2,1,1,83,50,62,52,65.0,1,1
16,1,11,0.6,63,1,1,0,83,88,49,83,73.33,2,1
18,0,12,2.2,55,2,0,1,55,38,94,54,62.33,1,1
19,1,9,2.4,91,2,0,0,99,94,71,65,88.0,3,1
19,1,9,1.8,80,0,0,0,40,45,62,59,49.0,0,0
14,1,12,5.0,79,2,1,1,36,67,49,91,50.67,1,1
15,0,12,5.8,84,0,0,0,98,54,84,47,78.67,2,1
19,1,10,0.9,54,0,1,1,42,96,42,55,60.0,1,1
19,0,12,0.5,58,0,0,1,91,91,61,59,81.0,3,1
16,1,12,3.9,55,2,1,1,87,37,95,86,73.0,2,1
17,0,10,3.1,52,0,1,0,46,48,68,67,54.0,1,1
14,1,10,4.6,97,0,1,1,47,61,76,72,61.33,1,1
16,1,12,2.8,99,1,1,1,62,75,82,82,73.0,2,1
16,0,12,3.6,66,2,0,1,60,96,75,75,77.0,2,1
19,0,12,5.5,87,2,1,0,95,77,80,53,84.0,3,1
14,0,10,5.6,98,1,1,1,82,75,60,63,72.33,2,1
18,0,9,5.6,87,2,0,0,53,41,42,58,45.33,0,0
19,0,11,2.6,83,2,1,0,85,63,57,74,68.33,2,1
17,1,12,0.5,66,2,0,1,99,78,94,88,90.33,3,1
16,1,12,2.3,54,2,0,0,42,37,81,86,53.33,1,1
15,0,10,4.4,82,2,1,0,80,49,97,56,75.33,2,1
17,1,10,1.3,69,0,0,1,66,73,85,70,74.67,2,1
15,0,10,4.5,93,2,1,0,43,51,63,45,52.33,1,1
17,0,11,5.7,88,0,1,0,48,61,69,64,59.33,1,1
19,0,12,4.3,99,2,1,1,65,80,78,62,74.33,2,1
14,0,9,2.4,62,1,0,0,44,71,88,61,67.67,2,1
16,0,10,5.2,80,1,1,1,71,42,38,85,50.33,1,1
18,1,12,3.0,80,0,1,0,99,68,48,55,71.67,2,1
14,1,11,4.4,56,1,1,1,64,50,94,89,69.33,2,1
18,0,12,3.8,85,2,0,1,52,37,71,94,53.33,1,1
19,0,11,4.9,67,0,1,0,70,74,97,73,80.33,2,1
14,1,9,4.3,69,1,1,0,50,68,77,92,65.0,1,1
15,1,12,3.5,77,2,1,0,69,59,61,93,63.0,1,1
18,0,12,1.7,87,2,1,0,45,75,37,94,52.33,1,1
15,0,11,1.9,84,1,1,1,49,47,50,85,48.67,0,0
14,0,12,1.6,95,1,1,1,92,74,72,50,79.33,2,1
16,1,11,1.3,63,1,1,1,100,72,35,64,69.0,2,1
17,0,10,3.7,100,1,1,0,85,60,93,66,79.33,2,1
14,0,12,5.2,79,2,0,1,87,69,39,58,65.0,1,1
17,0,9,5.2,80,2,0,0,83,79,61,47,74.33,2,1
16,0,9,0.6,85,1,0,0,100,55,45,80,66.67,2,1
19,0,11,3.8,69,1,1,0,52,85,41,50,59.33,1,1
17,1,10,3.1,64,0,0,1,61,75,90,52,75.33,2,1
16,1,12,1.2,63,0,1,0,46,67,37,42,50.0,1,1
15,1,11,2.2,74,2,0,0,59,92,96,86,82.33,3,1
14,0,12,1.8,91,2,1,1,68,98,58,77,74.67,2,1
19,1,12,4.5,81,0,0,0,86,36,40,44,54.0,1,1
14,1,10,1.5,64,0,1,1,70,99,55,76,74.67,2,1
17,0,11,5.4,73,2,1,1,100,75,93,40,89.33,3,1
19,0,9,4.4,70,0,0,0,45,67,63,49,58.33,1,1
18,0,11,1.6,77,0,1,1,76,61,43,81,60.0,1,1
17,1,9,1.1,98,1,0,1,37,83,68,45,62.67,1,1
19,0,10,1.0,73,2,0,0,40,61,71,57,57.33,1,1
16,0,10,3.9,61,0,1,0,81,35,36,95,50.67,1,1
18,0,9,4.5,94,2,0,0,98,80,87,50,88.33,3,1
17,0,9,3.6,53,0,1,1,84,97,79,49,86.67,3,1
16,0,10,2.7,62,0,1,0,35,72,68,88,58.33,1,1
19,0,10,4.0,88,0,1,1,60,42,79,62,60.33,1,1
16,1,11,0.5,69,2,0,1,68,83,52,64,67.67,2,1
16,0,12,1.0,81,0,0,0,71,83,88,46,80.67,2,1
14,1,11,1.1,80,0,0,1,55,86,100,49,80.33,2,1
15,1,9,5.9,91,1,1,0,45,36,70,61,50.33,1,1
18,1,9,2.9,100,1,0,0,69,77,67,87,71.0,2,1
17,1,9,4.3,90,2,0,1,84,36,50,90,56.67,1,1
14,0,12,5.9,69,2,0,0,87,97,87,72,90.33,3,1
17,0,12,1.0,97,1,1,0,69,79,96,56,81.33,3,1
15,1,12,4.7,90,1,1,0,69,85,86,72,80.0,2,1
16,1,12,3.7,58,1,0,1,50,68,81,85,66.33,2,1
14,0,12,1.4,82,1,1,1,36,41,39,70,38.67,0,0
16,0,9,2.4,55,1,0,1,46,92,96,43,78.0,2,1
15,1,11,2.8,73,2,1,0,73,56,82,94,70.33,2,1
17,0,11,1.0,59,0,0,1,84,50,91,81,75.0,2,1
14,1,9,4.4,74,1,0,1,45,47,65,82,52.33,1,1
17,1,9,2.8,87,2,0,0,40,39,74,48,51.0,1,1
15,1,12,5.5,87,2,0,1,73,40,80,71,64.33,1,1
15,0,12,4.9,88,2,1,0,77,87,90,59,84.67,3,1
14,0,12,3.3,63,1,0,0,92,99,66,47,85.67,3,1
15,1,9,1.5,60,1,0,1,85,89,44,48,72.67,2,1
14,0,9,5.6,91,2,0,1,42,98,85,75,75.0,2,1
19,0,10,5.2,74,1,0,1,38,88,53,84,59.67,1,1
18,0,9,4.3,60,0,1,1,89,93,76,58,86.0,3,1
19,1,12,3.2,67,0,1,1,42,36,94,64,57.33,1,1
19,1,12,4.4,72,2,0,1,68,82,91,58,80.33,2,1
16,1,9,2.7,62,0,0,1,96,61,70,95,75.67,2,1
15,1,10,6.0,81,1,0,1,94,92,67,47,84.33,3,1
19,0,12,4.3,75,0,0,1,60,49,100,93,69.67,2,1
19,0,9,1.2,99,0,1,1,47,47,76,54,56.67,1,1
19,1,12,3.9,60,0,0,0,45,52,95,68,64.0,1,1
18,1,11,4.7,91,2,0,1,58,48,97,67,67.67,2,1
16,0,10,5.4,56,1,0,0,72,100,75,82,82.33,3,1
14,1,12,0.6,52,1,0,0,83,38,62,45,61.0,1,1
19,1,10,2.7,81,2,1,1,91,44,100,88,78.33,2,1
14,1,12,5.6,82,0,0,0,61,70,95,70,75.33,2,1
18,1,12,1.7,52,1,1,0,36,95,86,87,72.33,2,1
18,0,10,2.7,91,2,1,1,39,63,92,49,64.67,1,1
16,0,11,4.5,57,0,1,0,83,37,92,62,70.67,2,1
19,0,10,1.4,60,2,1,0,72,54,37,45,54.33,1,1
15,0,10,2.1,95,1,0,0,98,76,78,62,84.0,3,1
15,0,10,3.1,73,0,0,0,79,38,94,58,70.33,2,1
18,0,9,0.5,72,2,1,0,53,66,70,67,63.0,1,1
19,0,9,2.9,78,1,0,0,67,60,94,77,73.67,2,1
14,0,12,0.7,80,1,1,1,97,89,85,79,90.33,3,1
19,0,9,1.6,64,0,1,1,67,46,94,41,69.0,2,1
19,1,12,2.4,79,0,0,0,70,81,65,79,72.0,2,1
15,0,11,1.5,72,1,0,0,51,36,70,44,52.33,1,1
16,1,11,5.8,73,1,1,0,80,71,51,82,67.33,2,1
14,1,9,3.3,55,2,1,0,81,68,48,53,65.67,1,1
19,1,9,5.5,55,0,0,0,57,67,86,52,70.0,2,1
15,1,12,0.6,80,1,0,0,86,91,79,68,85.33,3,1
19,0,11,4.3,68,1,1,1,48,79,94,85,73.67,2,1
17,0,10,5.2,51,2,1,1,82,75,80,57,79.0,2,1
16,1,9,5.0,88,1,1,1,97,99,86,76,94.0,3,1
19,1,12,0.5,79,0,1,0,75,63,63,75,67.0,2,1
15,1,10,1.7,99,0,1,1,72,65,52,92,63.0,1,1
16,0,9,5.7,74,0,1,1,86,59,63,89,69.33,2,1
19,0,10,4.8,100,0,1,1,55,86,57,71,66.0,2,1
14,0,11,4.7,60,0,1,1,86,50,71,78,69.0,2,1
18,0,10,2.9,76,1,0,1,52,83,58,42,64.33,1,1
16,0,12,4.2,76,0,0,1,46,91,77,82,71.33,2,1
15,0,10,3.7,77,1,0,0,95,62,53,77,70.0,2,1
14,1,12,4.2,50,0,0,0,64,47,59,59,56.67,1,1
18,0,9,5.9,77,0,0,0,40,58,82,58,60.0,1,1
17,0,9,1.9,77,0,1,0,57,94,99,45,83.33,3,1
14,0,10,0.9,92,1,1,1,80,38,36,69,51.33,1,1
15,0,12,2.5,52,1,1,1,40,75,49,66,54.67,1,1
19,0,9,3.2,69,1,0,1,60,41,88,69,63.0,1,1
18,1,11,1.5,75,1,1,0,39,82,69,40,63.33,1,1
16,1,10,5.5,79,0,1,1,73,47,98,46,72.67,2,1
15,1,12,2.9,96,1,0,0,59,96,95,62,83.33,3,1
18,1,10,1.8,97,0,1,1,54,66,85,61,68.33,2,1
16,1,10,3.4,71,2,1,0,38,66,68,57,57.33,1,1
16,1,11,2.0,67,1,1,1,75,67,82,73,74.67,2,1
15,1,9,2.0,98,1,1,0,37,39,63,48,46.33,0,0
17,0,11,1.3,99,0,1,0,77,46,55,43,59.33,1,1
18,0,9,5.5,76,2,1,1,88,35,85,92,69.33,2,1
18,0,11,5.3,59,0,0,1,85,60,86,58,77.0,2,1
14,1,9,3.0,95,1,1,1,67,83,44,42,64.67,1,1
18,0,11,4.8,52,1,0,1,83,90,60,67,77.67,2,1
19,0,11,4.8,91,2,0,0,64,44,42,64,50.0,1,1
19,1,9,3.6,81,0,1,1,99,47,61,73,69.0,2,1
15,1,10,0.6,56,1,1,1,98,95,74,44,89.0,3,1
17,0,12,2.9,83,2,1,0,81,90,50,43,73.67,2,1
16,1,10,5.3,65,0,0,1,58,47,44,80,49.67,0,0
17,1,12,0.8,81,0,1,0,43,73,73,40,63.0,1,1
16,1,10,3.8,79,2,0,1,43,70,73,44,62.0,1,1
15,1,11,3.1,69,1,0,0,97,55,96,65,82.67,3,1
19,1,10,3.0,57,0,1,1,91,35,72,68,66.0,2,1
15,1,9,5.8,73,1,1,0,68,52,57,56,59.0,1,1
18,1,11,0.9,87,1,1,1,85,52,99,74,78.67,2,1
19,1,12,0.7,85,2,0,0,61,98,43,67,67.33,2,1
17,1,12,1.0,50,1,1,1,81,41,37,78,53.0,1,1
19,0,10,2.8,74,0,1,0,90,88,78,75,85.33,3,1
16,0,12,5.7,80,2,0,1,59,49,35,73,47.67,0,0
19,0,10,5.7,94,0,1,0,41,96,63,89,66.67,2,1
16,0,9,4.2,86,1,1,0,59,86,46,69,63.67,1,1
17,1,11,5.8,88,1,1,1,52,94,79,81,75.0,2,1
19,1,12,1.0,86,0,0,1,96,39,40,57,58.33,1,1
14,1,12,0.7,52,2,1,0,44,88,69,85,67.0,2,1
15,1,10,2.8,67,1,0,1,54,78,54,50,62.0,1,1
16,1,12,2.7,70,0,1,1,75,74,91,53,80.0,2,1
14,0,12,1.9,52,2,0,1,81,61,64,88,68.67,2,1
14,1,11,5.8,66,0,1,0,43,94,57,46,64.67,1,1
17,1,10,2.9,90,1,1,0,64,47,54,41,55.0,1,1
14,1,11,1.5,96,0,0,1,63,57,98,66,72.67,2,1
16,0,11,3.2,90,0,0,1,70,52,70,52,64.0,1,1
14,1,11,4.6,76,0,0,0,97,82,41,73,73.33,2,1
16,1,11,4.4,97,0,0,0,99,78,83,79,86.67,3,1
16,0,10,2.7,95,2,0,0,97,90,76,46,87.67,3,1
15,0,9,2.4,76,1,1,0,95,54,53,53,67.33,2,1
14,1,12,1.0,93,2,1,1,73,94,91,40,86.0,3,1
17,1,9,2.2,99,1,1,1,56,43,54,86,51.0,1,1
18,1,11,1.5,91,1,0,0,66,52,38,70,52.0,1,1
19,0,12,0.9,86,2,0,0,77,82,49,85,69.33,2,1
15,1,12,4.7,68,1,0,1,53,87,59,50,66.33,2,1
18,1,9,5.2,85,0,0,0,50,77,75,59,67.33,2,1
15,0,11,2.8,60,0,0,0,73,39,65,42,59.0,1,1
17,0,9,3.7,52,1,1,0,58,38,81,87,59.0,1,1
18,0,10,4.8,70,2,0,0,45,60,61,54,55.33,1,1
14,1,11,4.4,84,1,1,0,53,81,44,86,59.33,1,1
14,1,11,5.8,99,0,0,0,42,74,72,48,62.67,1,1
19,1,9,5.0,52,1,0,1,94,59,100,79,84.33,3,1
18,1,11,4.1,59,0,0,1,61,59,44,74,54.67,1,1
15,0,12,3.0,60,2,0,1,87,59,90,42,78.67,2,1
16,0,10,1.4,90,1,1,1,71,70,92,74,77.67,2,1
16,0,12,4.9,83,0,0,0,66,97,68,85,77.0,2,1
14,1,11,3.7,59,1,1,0,96,41,63,85,66.67,2,1
14,0,12,5.1,54,1,1,1,42,96,93,68,77.0,2,1
18,0,12,4.4,70,1,0,1,43,42,48,70,44.33,0,0
19,0,9,0.6,59,0,1,0,71,63,75,81,69.67,2,1
18,0,9,3.2,75,0,0,1,82,86,66,86,78.0,2,1
15,0,10,3.3,62,1,0,1,48,42,76,75,55.33,1,1
14,0,10,3.9,50,0,1,0,72,79,81,88,77.33,2,1
17,1,11,3.9,79,0,1,0,97,74,46,58,72.33,2,1
19,0,11,4.0,53,0,0,0,70,88,55,79,71.0,2,1
15,1,11,3.5,80,2,1,1,94,37,71,65,67.33,2,1
16,0,9,0.5,66,0,1,0,59,77,42,41,59.33,1,1
17,1,9,0.9,80,2,1,1,39,82,60,49,60.33,1,1
15,0,11,5.3,79,2,1,1,76,62,97,80,78.33,2,1
17,0,11,5.8,88,1,0,0,47,83,64,78,64.67,1,1
16,0,11,2.2,96,1,0,1,43,50,55,49,49.33,0,0
19,0,9,4.4,97,1,0,1,80,93,86,70,86.33,3,1
14,0,9,5.8,57,2,0,1,35,57,81,84,57.67,1,1
18,1,9,2.2,51,2,0,1,67,84,83,64,78.0,2,1
15,1,12,5.1,68,0,1,0,82,62,45,84,63.0,1,1
17,1,11,1.2,50,1,0,1,88,70,83,62,80.33,2,1
15,1,11,1.7,54,0,0,0,100,73,45,79,72.67,2,1
16,1,11,2.2,77,2,1,1,91,94,47,51,77.33,2,1
15,1,9,2.8,88,1,0,1,85,90,90,74,88.33,3,1
16,1,9,0.9,85,0,0,0,71,43,64,86,59.33,1,1
14,1,10,1.5,98,2,0,0,86,73,94,81,84.33,3,1
18,0,9,1.5,81,0,0,0,75,85,36,42,65.33,1,1
18,0,10,1.9,62,0,1,1,66,63,41,87,56.67,1,1
19,0,12,3.0,76,2,1,1,83,47,88,55,72.67,2,1
14,0,12,1.0,80,1,0,0,74,52,90,80,72.0,2,1
19,1,10,4.6,96,1,0,0,94,38,90,78,74.0,2,1
14,0,12,5.4,98,1,0,1,51,46,73,84,56.67,1,1
19,0,12,1.0,98,2,0,0,79,72,82,65,77.67,2,1
15,1,10,3.9,63,1,1,0,90,37,96,62,74.33,2,1
17,0,11,4.7,74,1,0,0,47,84,35,81,55.33,1,1
14,1,10,3.2,92,2,1,0,59,87,66,81,70.67,2,1
17,1,10,3.8,86,1,1,0,47,91,61,74,66.33,2,1
15,1,11,3.4,91,1,1,0,89,41,35,41,55.0,1,1
16,0,11,3.7,60,1,1,0,68,83,35,95,62.0,1,1
15,0,12,1.0,62,2,0,0,39,38,54,46,43.67,0,0
15,1,9,4.3,67,2,1,0,78,98,44,68,73.33,2,1
17,1,10,5.3,92,1,0,0,45,54,85,57,61.33,1,1
16,0,12,5.0,100,0,1,1,87,53,68,48,69.33,2,1
14,1,9,2.1,64,0,0,0,97,86,66,55,83.0,3,1
18,1,11,5.7,96,0,0,0,86,95,36,58,72.33,2,1
14,0,10,1.8,52,0,0,1,89,86,84,73,86.33,3,1
18,1,12,1.8,65,0,1,1,69,88,39,69,65.33,1,1
19,0,10,1.0,65,0,1,0,72,80,92,41,81.33,3,1
16,1,11,2.9,53,1,0,0,73,64,91,80,76.0,2,1
15,0,10,3.5,66,0,0,1,53,96,40,83,63.0,1,1
19,1,10,5.2,89,0,1,0,89,91,49,47,76.33,2,1
17,1,11,1.7,61,2,1,0,86,64,82,58,77.33,2,1
17,0,11,2.5,71,1,0,0,91,64,53,48,69.33,2,1
15,0,11,3.7,52,1,1,1,55,48,90,62,64.33,1,1
18,1,10,4.7,93,1,1,0,38,59,90,67,62.33,1,1
18,0,10,3.3,62,2,0,1,67,99,93,87,86.33,3,1
14,1,9,1.9,69,1,0,1,52,46,68,90,55.33,1,1
14,0,10,4.3,71,2,1,0,82,69,81,51,77.33,2,1
17,1,11,4.3,87,2,0,0,91,77,87,46,85.0,3,1
16,0,12,4.2,90,0,0,1,70,74,37,60,60.33,1,1
17,1,12,1.7,74,1,0,0,69,67,82,79,72.67,2,1
18,0,9,5.8,75,1,1,1,43,99,46,44,62.67,1,1
17,1,12,0.5,65,0,1,0,87,63,49,43,66.33,2,1
15,1,12,0.8,64,0,1,0,44,64,75,54,61.0,1,1
17,0,10,4.0,70,1,0,1,36,42,93,72,57.0,1,1
18,0,12,4.3,52,0,0,1,59,55,82,44,65.33,1,1
14,0,10,0.8,56,2,1,1,64,77,54,89,65.0,1,1
19,1,11,2.1,53,2,0,0,77,69,39,82,61.67,1,1
16,1,11,5.2,89,2,0,0,85,74,44,89,67.67,2,1
18,0,12,5.8,81,2,0,0,71,51,76,95,66.0,2,1
19,1,9,3.1,65,2,1,0,100,73,67,81,80.0,2,1
16,1,12,2.9,74,0,1,1,83,88,96,71,89.0,3,1
16,1,10,3.5,60,1,0,1,45,35,83,78,54.33,1,1
16,0,9,2.4,72,2,0,0,66,60,65,71,63.67,1,1
14,0,10,3.7,69,2,0,0,40,62,42,85,48.0,0,0
18,1,10,4.0,53,2,1,0,85,64,49,51,66.0,2,1
16,1,9,5.5,97,0,1,0,90,57,66,59,71.0,2,1
15,0,10,5.0,58,0,1,0,58,69,48,78,58.33,1,1
18,0,10,2.2,62,1,0,1,63,85,36,53,61.33,1,1
19,0,11,3.2,66,0,0,1,94,65,97,80,85.33,3,1
14,0,12,4.1,69,0,0,1,53,100,76,66,76.33,2,1
14,1,10,5.2,78,0,1,0,69,68,93,74,76.67,2,1
16,0,12,4.3,55,1,1,0,76,94,55,82,75.0,2,1
18,1,11,4.9,99,0,0,1,91,66,81,54,79.33,2,1
16,1,9,5.4,74,2,0,1,44,75,95,72,71.33,2,1
14,1,12,3.1,53,0,0,1,87,56,81,79,74.67,2,1
15,0,11,3.9,58,0,0,1,54,93,47,77,64.67,1,1
18,0,9,4.8,65,2,0,1,79,84,39,74,67.33,2,1
19,0,11,2.8,74,2,1,0,76,100,47,86,74.33,2,1
16,0,11,3.0,54,0,0,1,53,41,55,48,49.67,0,0
15,1,10,3.4,81,0,1,0,92,64,85,57,80.33,2,1
19,1,11,2.7,53,2,0,0,70,98,86,69,84.67,3,1
19,0,12,2.5,93,2,0,0,71,59,78,83,69.33,2,1
19,0,10,1.3,59,2,0,0,89,85,86,82,86.67,3,1
14,0,10,6.0,94,2,1,1,86,37,87,52,70.0,2,1
14,1,11,4.7,94,2,1,1,74,51,93,47,72.67,2,1
14,1,9,1.5,50,0,1,0,69,93,86,91,82.67,3,1
18,0,11,5.9,97,0,0,0,81,37,55,58,57.67,1,1
16,1,9,1.5,54,2,1,0,77,54,64,58,65.0,1,1
16,1,9,5.7,84,0,0,1,67,64,38,50,56.33,1,1
17,0,12,1.0,73,1,1,1,64,51,52,40,55.67,1,1
19,1,10,0.5,67,0,0,1,43,37,89,86,56.33,1,1
19,1,10,2.7,98,2,0,1,88,84,59,41,77.0,2,1
15,1,11,1.8,89,0,1,1,40,36,71,83,49.0,0,0
16,0,12,5.0,90,1,0,0,59,62,71,49,64.0,1,1
14,1,11,1.3,74,0,0,0,84,55,49,45,62.67,1,1
19,1,12,5.9,62,0,1,1,45,72,93,59,70.0,2,1
15,0,9,5.8,58,1,0,1,42,74,96,82,70.67,2,1
17,0,12,3.4,89,1,1,0,60,39,77,57,58.67,1,1
18,0,11,3.1,55,2,0,0,62,74,86,92,74.0,2,1
16,1,10,2.5,71,0,1,0,77,57,79,95,71.0,2,1
15,1,9,3.8,90,0,0,1,99,95,99,73,97.67,3,1
16,1,10,5.3,60,1,0,1,37,86,66,57,63.0,1,1
17,0,12,4.9,55,2,0,1,49,97,78,45,74.67,2,1
17,0,11,4.8,70,2,0,0,89,78,38,93,68.33,2,1
15,1,9,2.7,84,0,1,0,81,51,83,41,71.67,2,1
17,1,11,5.5,92,1,0,1,52,78,69,92,66.33,2,1
15,1,11,5.8,53,0,0,0,87,86,76,64,83.0,3,1
17,0,12,4.0,73,2,0,0,70,46,52,53,56.0,1,1
17,1,10,4.8,99,2,1,1,91,97,91,48,93.0,3,1
18,0,11,1.2,63,2,0,0,68,68,99,88,78.33,2,1
16,1,11,1.7,79,1,0,0,85,54,80,74,73.0,2,1
14,1,9,3.0,58,2,0,1,96,83,55,64,78.0,2,1
19,0,11,1.9,65,2,0,0,63,65,59,83,62.33,1,1
17,1,9,0.6,84,1,0,0,68,60,37,79,55.0,1,1
16,1,9,2.4,100,1,1,0,56,60,83,61,66.33,2,1
14,0,10,3.7,81,2,0,1,51,42,35,60,42.67,0,0
16,0,12,1.2,56,1,1,0,96,36,72,52,68.0,2,1
16,0,9,5.4,97,1,0,1,60,72,81,79,71.0,2,1
15,1,10,0.8,89,1,1,1,40,96,41,87,59.0,1,1
18,0,11,1.6,52,2,0,0,91,73,53,84,72.33,2,1
18,0,11,5.4,99,2,0,0,77,42,44,66,54.33,1,1
16,1,9,3.3,82,1,0,0,79,82,81,75,80.67,2,1
15,0,12,5.4,63,1,0,1,67,51,60,57,59.33,1,1
16,1,10,4.6,78,1,0,0,62,85,71,54,72.67,2,1
19,0,10,5.6,91,1,0,1,73,67,41,92,60.33,1,1
14,1,10,4.6,96,2,1,0,73,72,65,64,70.0,2,1
15,0,12,3.1,76,1,1,1,86,67,65,60,72.67,2,1
19,0,9,1.3,81,1,1,1,70,85,73,90,76.0,2,1
17,0,11,5.3,95,2,0,1,97,81,52,88,76.67,2,1
19,0,12,5.3,97,2,0,0,80,60,91,71,77.0,2,1
14,1,11,3.0,71,2,1,0,66,54,36,53,52.0,1,1
14,0,12,4.5,62,0,0,1,93,52,63,88,69.33,2,1
15,1,10,3.5,78,1,1,0,55,89,55,81,66.33,2,1
14,0,10,5.1,57,2,0,1,66,60,44,90,56.67,1,1
17,1,12,5.9,96,2,1,1,41,55,52,49,49.33,0,0
19,0,10,1.8,52,1,1,1,41,67,91,48,66.33,2,1
19,0,11,1.1,72,2,1,0,50,99,38,70,62.33,1,1
14,1,12,5.7,82,1,0,1,48,67,96,73,70.33,2,1
18,1,9,5.6,79,2,0,0,90,71,59,94,73.33,2,1
14,1,11,0.5,69,1,0,0,46,82,70,71,66.0,2,1
19,0,12,3.1,62,2,1,0,82,88,72,62,80.67,2,1
14,0,10,3.5,58,0,0,0,85,38,73,78,65.33,1,1
16,0,10,5.7,91,2,0,1,84,52,46,65,60.67,1,1
18,0,12,0.7,73,2,0,1,47,72,53,85,57.33,1,1
16,1,9,4.5,71,1,0,0,54,44,50,82,49.33,0,0
14,1,10,2.9,76,0,1,0,79,45,99,54,74.33,2,1
14,0,9,4.5,90,2,1,1,90,75,63,46,76.0,2,1
18,1,12,4.6,100,2,1,0,94,77,83,43,84.67,3,1
19,1,10,3.1,79,1,1,0,87,53,70,79,70.0,2,1
15,1,9,4.6,62,2,0,1,86,35,96,69,72.33,2,1
15,0,11,4.4,59,2,1,0,58,81,58,62,65.67,1,1
17,0,12,5.1,75,1,1,0,98,87,84,70,89.67,3,1
18,1,12,3.8,77,0,0,1,73,86,89,85,82.67,3,1
18,1,12,4.1,53,2,1,0,51,50,93,60,64.67,1,1
14,0,11,5.9,51,2,1,0,70,72,89,54,77.0,2,1
18,0,12,4.7,93,2,0,1,53,79,42,84,58.0,1,1
16,1,9,3.7,51,1,1,0,65,80,78,75,74.33,2,1
18,1,11,1.8,100,1,1,1,82,40,39,80,53.67,1,1
19,1,11,1.7,87,2,1,0,63,91,99,56,84.33,3,1
15,0,10,4.9,55,1,1,1,57,62,69,94,62.67,1,1
16,0,9,1.3,58,2,0,1,69,37,40,68,48.67,0,0
18,1,12,3.4,71,0,0,1,63,86,87,65,78.67,2,1
15,0,11,4.8,67,2,0,1,36,61,71,56,56.0,1,1
15,0,12,2.3,50,0,1,1,83,100,95,86,92.67,3,1
19,1,10,4.7,65,1,1,1,65,90,51,80,68.67,2,1
16,0,10,3.3,91,2,1,1,89,37,68,77,64.67,1,1
15,0,12,5.2,100,2,1,1,41,76,74,69,63.67,1,1
19,1,11,3.6,50,0,0,0,91,65,38,48,64.67,1,1
14,0,11,2.6,63,1,1,1,74,79,39,50,64.0,1,1
14,1,10,1.3,55,2,0,0,80,78,82,54,80.0,2,1
14,0,11,3.3,53,1,0,1,68,37,44,87,49.67,0,0
17,1,11,1.4,69,1,0,0,49,35,67,89,50.33,1,1
18,0,9,1.2,51,0,1,1,91,94,42,73,75.67,2,1
17,1,12,4.5,64,2,0,0,43,95,51,78,63.0,1,1
18,1,9,4.5,82,1,1,1,98,69,71,53,79.33,2,1
19,1,9,1.8,73,1,0,1,99,97,74,87,90.0,3,1
14,0,9,4.3,71,2,1,1,44,59,55,86,52.67,1,1
17,0,9,5.7,50,0,1,1,84,79,78,95,80.33,2,1
19,0,9,3.8,51,1,0,0,95,65,86,54,82.0,3,1
18,1,12,1.0,96,1,0,0,56,54,87,44,65.67,1,1
19,1,11,1.3,58,1,1,1,47,87,88,91,74.0,2,1
18,0,11,0.6,73,0,0,0,92,50,62,42,68.0,2,1
17,1,10,2.1,61,0,0,1,56,72,45,66,57.67,1,1
18,1,9,1.3,95,0,0,0,86,67,47,64,66.67,2,1
14,1,9,5.9,90,1,1,1,85,38,73,80,65.33,1,1
15,1,9,2.3,64,1,1,0,74,68,72,40,71.33,2,1
19,0,10,1.0,82,2,0,0,61,46,74,58,60.33,1,1
16,1,10,4.7,80,0,0,0,68,38,100,46,68.67,2,1
16,1,11,4.1,93,0,0,0,68,43,83,65,64.67,1,1
19,0,10,3.7,96,1,1,0,90,63,42,53,65.0,1,1
16,0,9,1.9,100,0,0,1,44,66,58,40,56.0,1,1
18,1,10,1.0,62,1,0,1,85,93,41,76,73.0,2,1
16,0,12,1.3,89,0,1,0,53,81,77,67,70.33,2,1
19,1,12,2.9,55,0,1,1,75,43,38,69,52.0,1,1
15,0,9,4.3,67,0,1,0,92,96,76,80,88.0,3,1
18,1,12,1.1,79,2,1,0,91,92,37,77,73.33,2,1
17,0,11,4.2,57,2,0,1,76,35,91,44,67.33,2,1
17,0,10,0.5,91,2,0,1,43,70,61,69,58.0,1,1
17,1,10,3.7,75,0,1,0,73,47,84,82,68.0,2,1
16,1,11,1.4,54,1,0,0,68,82,99,71,83.0,3,1
19,0,11,2.7,61,2,1,0,80,100,53,50,77.67,2,1
17,0,9,2.4,96,0,0,1,92,56,36,73,61.33,1,1
14,0,11,3.9,78,0,0,0,54,40,95,57,63.0,1,1
19,0,12,1.9,84,2,1,1,68,41,93,83,67.33,2,1
17,1,11,2.0,55,1,0,0,74,49,95,59,72.67,2,1
18,1,9,4.7,97,1,1,1,63,92,42,95,65.67,1,1
19,0,12,1.3,52,2,1,1,74,72,67,81,71.0,2,1
16,1,10,5.6,54,0,0,0,68,61,45,89,58.0,1,1
19,0,11,2.8,72,0,1,0,37,91,94,94,74.0,2,1
19,1,11,1.6,68,2,0,0,90,62,36,55,62.67,1,1
19,1,12,2.0,52,2,0,0,64,66,44,84,58.0,1,1
14,1,12,5.6,59,0,1,1,58,37,88,80,61.0,1,1
17,0,11,0.5,60,1,0,1,99,93,100,58,97.33,3,1
15,1,9,4.0,85,2,1,0,68,54,59,87,60.33,1,1
19,0,9,4.1,51,0,0,1,99,83,72,79,84.67,3,1
14,0,12,4.2,100,0,1,1,84,46,53,52,61.0,1,1
15,1,9,4.9,64,0,0,1,100,48,80,69,76.0,2,1
19,1,9,0.6,56,2,0,1,79,59,68,83,68.67,2,1
16,0,9,5.4,93,0,1,1,56,80,69,67,68.33,2,1
19,1,10,2.0,97,0,0,1,79,47,66,63,64.0,1,1
17,0,12,0.7,94,2,1,0,40,70,48,70,52.67,1,1
18,1,9,5.9,88,2,0,1,95,80,56,43,77.0,2,1
14,0,11,0.9,68,1,0,0,48,37,46,87,43.67,0,0
16,0,12,1.7,72,0,0,1,58,87,60,63,68.33,2,1
16,0,9,1.1,73,2,0,0,39,59,69,44,55.67,1,1
15,1,10,5.6,91,0,1,1,66,40,90,63,65.33,1,1
16,0,9,3.3,80,0,0,0,44,50,100,67,64.67,1,1
17,0,9,2.5,54,2,1,0,90,40,99,71,76.33,2,1
17,0,9,3.2,77,1,1,1,43,58,42,71,47.67,0,0
15,0,10,5.6,75,2,1,1,43,98,43,45,61.33,1,1
18,0,9,5.9,66,0,1,0,92,59,43,40,64.67,1,1
17,1,9,3.6,63,1,1,1,82,66,36,91,61.33,1,1
17,0,11,4.5,56,1,1,1,42,42,80,56,54.67,1,1
18,1,10,4.2,82,1,0,0,37,92,42,73,57.0,1,1
14,0,12,4.5,77,0,1,0,49,94,97,71,80.0,2,1
14,1,12,2.1,71,1,0,1,39,82,42,89,54.33,1,1
14,0,11,4.8,79,1,0,0,54,78,55,72,62.33,1,1
17,0,11,1.6,56,2,0,1,39,42,47,85,42.67,0,0
15,0,11,4.7,67,0,1,1,68,94,48,89,70.0,2,1
17,1,9,3.0,83,1,1,1,82,63,72,63,72.33,2,1
19,1,9,4.3,89,0,0,0,53,100,61,87,71.33,2,1
15,0,12,3.3,69,2,1,0,89,92,74,66,85.0,3,1
19,1,11,1.3,64,0,0,1,85,72,94,79,83.67,3,1
17,0,11,3.9,99,0,1,0,55,62,83,94,66.67,2,1
14,1,9,0.9,66,0,1,0,92,45,44,50,60.33,1,1
17,1,9,5.4,84,2,1,1,82,58,61,53,67.0,2,1
15,1,9,3.5,67,0,0,1,49,98,57,67,68.0,2,1
15,1,11,5.8,67,0,0,1,77,39,41,50,52.33,1,1
17,0,10,5.0,76,0,0,1,89,56,98,56,81.0,3,1
15,1,9,4.2,95,1,1,0,94,76,44,76,71.33,2,1
18,1,11,2.1,74,2,0,1,52,36,100,50,62.67,1,1
16,1,10,2.7,61,1,0,0,76,54,45,60,58.33,1,1
16,0,10,0.7,56,1,1,1,98,98,66,48,87.33,3,1
14,0,9,3.6,81,1,1,0,81,83,45,74,69.67,2,1
14,1,10,0.9,68,2,0,1,76,74,79,42,76.33,2,1
15,0,11,2.7,68,1,1,0,45,52,99,59,65.33,1,1
19,0,10,2.8,60,1,0,1,50,57,97,93,68.0,2,1
18,1,9,3.2,85,0,0,0,71,43,56,77,56.67,1,1
19,0,9,6.0,71,1,1,1,35,54,44,54,44.33,0,0
18,1,12,1.4,50,0,0,0,76,98,92,57,88.67,3,1
16,1,9,0.7,56,2,0,1,38,71,60,49,56.33,1,1
15,1,11,1.3,77,1,1,1,63,77,81,54,73.67,2,1
19,1,9,1.1,74,2,1,0,96,65,39,51,66.67,2,1
18,0,11,5.6,82,0,1,1,55,66,64,64,61.67,1,1
17,0,9,3.2,80,1,1,0,61,60,79,72,66.67,2,1
19,1,10,4.3,68,0,0,0,91,64,82,87,79.0,2,1
15,0,12,2.7,57,0,1,1,94,43,98,65,78.33,2,1
16,0,9,4.8,84,1,0,0,95,81,48,72,74.67,2,1
15,1,9,2.1,74,1,0,1,81,53,94,85,76.0,2,1
15,0,12,3.5,52,0,1,1,88,70,67,44,75.0,2,1
18,1,9,5.4,86,0,1,1,47,86,63,67,65.33,1,1
18,1,10,4.8,88,0,1,1,58,95,96,41,83.0,3,1
15,1,11,5.7,50,2,1,0,71,68,87,80,75.33,2,1
15,1,10,2.8,56,2,0,0,78,38,46,70,54.0,1,1
16,0,11,5.5,74,1,0,0,86,83,84,64,84.33,3,1
14,1,11,5.8,84,2,0,0,56,39,88,54,61.0,1,1
18,0,9,2.6,59,2,1,1,63,92,96,67,83.67,3,1
19,1,9,4.1,62,1,0,1,40,82,100,49,74.0,2,1
18,1,11,5.7,61,2,0,1,88,91,57,79,78.67,2,1
15,0,10,2.9,56,2,0,1,80,77,90,66,82.33,3,1
14,0,9,5.9,75,2,0,1,55,97,51,94,67.67,2,1
15,0,9,1.5,65,2,1,1,86,39,84,53,69.67,2,1
15,1,10,0.6,81,2,0,0,97,53,57,49,69.0,2,1
14,0,9,1.7,90,1,0,1,41,80,84,44,68.33,2,1
15,0,11,3.6,57,0,0,0,59,48,46,69,51.0,1,1
17,0,12,0.8,75,1,1,1,88,51,49,73,62.67,1,1
19,0,10,2.1,76,2,1,1,64,92,96,77,84.0,3,1
14,1,10,5.2,87,2,1,0,100,64,77,82,80.33,2,1
15,0,12,2.7,92,1,0,0,98,61,72,64,77.0,2,1
18,1,11,5.1,68,2,0,1,79,78,41,43,66.0,2,1
15,0,9,1.1,52,2,0,1,43,52,75,87,56.67,1,1
16,0,11,2.4,73,2,1,1,72,68,36,73,58.67,1,1
18,0,11,5.5,85,2,0,1,65,56,94,78,71.67,2,1
18,1,10,2.8,53,1,0,1,47,92,92,72,77.0,2,1
15,1,10,5.3,74,1,0,1,58,50,60,43,56.0,1,1
17,1,9,3.3,63,2,1,1,99,80,40,62,73.0,2,1
14,0,9,1.3,90,2,0,0,76,83,74,81,77.67,2,1
18,1,9,3.2,91,2,1,1,82,47,59,54,62.67,1,1
14,0,11,3.1,66,0,1,0,97,59,68,52,74.67,2,1
16,1,11,2.9,57,0,1,0,46,77,63,91,62.0,1,1
16,1,10,5.4,97,0,1,1,83,41,68,89,64.0,1,1
14,0,11,3.9,86,0,0,0,100,66,49,40,71.67,2,1
17,1,11,4.0,76,0,1,1,60,61,95,68,72.0,2,1
17,0,10,3.6,55,0,1,0,36,95,35,78,55.33,1,1
18,1,10,1.6,85,2,0,0,66,100,82,76,82.67,3,1
18,1,12,0.5,89,2,1,1,45,91,41,41,59.0,1,1
15,1,10,4.1,86,1,0,0,96,88,67,91,83.67,3,1
17,0,12,4.1,93,1,0,1,96,49,55,84,66.67,2,1
15,0,10,5.5,73,1,1,1,74,68,85,94,75.67,2,1
17,0,11,5.6,90,1,0,0,94,37,62,47,64.33,1,1
17,0,10,3.4,63,2,1,1,52,84,95,48,77.0,2,1
14,1,11,5.1,87,2,1,0,98,52,77,89,75.67,2,1
16,0,12,5.5,97,1,0,0,48,90,96,54,78.0,2,1
18,0,12,3.3,65,1,0,0,93,65,57,94,71.67,2,1
19,0,10,3.3,75,2,0,1,100,60,83,90,81.0,3,1
17,1,10,3.9,62,0,0,1,76,93,92,76,87.0,3,1
19,1,12,2.6,87,0,0,0,57,45,69,40,57.0,1,1
16,0,12,1.8,58,1,1,0,97,58,45,86,66.67,2,1
18,1,11,5.9,53,2,0,1,72,68,95,43,78.33,2,1
15,0,11,4.1,82,2,0,0,43,65,60,64,56.0,1,1
16,1,10,1.7,67,2,1,0,67,70,97,47,78.0,2,1
16,0,9,3.7,68,1,1,1,60,88,52,92,66.67,2,1
17,0,10,5.8,78,0,0,1,78,72,87,66,79.0,2,1
19,1,9,5.0,82,0,0,1,99,78,96,45,91.0,3,1
17,0,9,5.5,90,0,0,0,67,78,87,81,77.33,2,1
16,1,9,3.5,61,0,0,0,48,86,87,56,73.67,2,1
18,0,12,2.9,63,2,0,1,60,42,90,60,64.0,1,1
15,0,11,1.7,81,2,0,1,97,98,44,94,79.67,2,1
18,0,12,2.1,95,0,0,0,43,78,55,47,58.67,1,1
16,0,11,4.0,93,1,1,1,100,92,73,51,88.33,3,1
16,1,9,3.5,62,0,0,1,75,53,42,88,56.67,1,1
14,1,11,1.2,66,0,0,0,89,94,93,76,92.0,3,1
15,1,11,2.4,54,0,1,0,66,86,36,61,62.67,1,1
14,1,11,4.5,80,0,0,1,51,96,83,82,76.67,2,1
19,1,9,4.8,85,0,1,1,90,60,97,52,82.33,3,1
19,1,9,3.3,81,0,1,0,41,99,59,47,66.33,2,1
14,0,9,2.0,52,0,1,0,98,80,79,94,85.67,3,1
14,0,11,1.5,67,1,0,1,39,65,62,72,55.33,1,1
19,0,11,4.8,96,0,1,0,76,49,65,68,63.33,1,1
15,1,10,4.7,54,1,1,1,78,79,96,42,84.33,3,1
18,0,11,3.1,89,1,0,1,77,68,77,55,74.0,2,1
19,1,10,5.5,69,1,1,1,51,96,91,92,79.33,2,1
16,0,9,0.6,96,0,1,0,73,100,70,51,81.0,3,1
19,1,11,1.7,90,1,0,0,81,92,91,61,88.0,3,1
15,1,9,2.7,96,2,1,1,88,70,76,85,78.0,2,1
15,0,9,0.7,73,1,1,1,41,59,99,79,66.33,2,1
16,1,12,0.6,74,1,1,0,38,89,66,68,64.33,1,1
18,1,12,0.8,79,1,1,1,92,80,53,93,75.0,2,1
14,1,11,4.1,72,0,1,0,97,59,57,48,71.0,2,1
14,0,10,5.5,77,2,0,1,92,88,64,91,81.33,3,1
15,1,11,0.8,79,2,0,0,45,98,54,87,65.67,1,1
18,0,11,4.6,94,0,0,1,37,81,43,77,53.67,1,1
17,1,10,1.8,88,2,0,1,63,93,41,69,65.67,1,1
18,0,12,5.6,79,1,0,1,76,39,46,84,53.67,1,1
16,1,10,1.1,68,2,1,0,99,71,87,43,85.67,3,1
15,0,11,2.9,63,1,0,1,86,55,64,90,68.33,2,1
19,1,11,4.0,57,2,1,0,56,73,44,55,57.67,1,1
18,1,9,0.6,96,0,1,0,57,87,54,61,66.0,2,1
19,0,11,4.2,79,0,0,1,49,99,97,65,81.67,3,1
16,1,11,0.6,88,0,1,1,70,92,59,61,73.67,2,1
17,1,9,2.2,83,1,0,1,76,99,71,94,82.0,3,1
15,1,11,2.9,66,1,1,0,94,93,47,47,78.0,2,1
17,1,9,3.7,55,0,0,0,90,98,66,82,84.67,3,1
16,1,10,2.7,65,2,1,1,58,80,92,81,76.67,2,1
16,1,11,2.3,74,1,1,0,57,78,37,81,57.33,1,1
14,1,9,4.7,81,2,0,1,74,42,55,88,57.0,1,1
19,1,10,1.8,91,2,0,1,54,99,76,72,76.33,2,1
17,0,10,3.0,94,2,0,1,66,71,72,70,69.67,2,1
16,1,9,4.0,57,0,0,1,42,89,66,92,65.67,1,1
14,0,12,4.3,60,1,1,1,89,40,98,40,75.67,2,1
16,0,10,3.0,75,1,0,0,42,93,69,45,68.0,2,1
16,1,12,5.6,96,0,1,0,42,42,99,53,61.0,1,1
15,0,10,2.0,88,2,1,0,78,82,65,91,75.0,2,1
15,1,9,5.4,78,1,0,1,54,63,57,55,58.0,1,1
17,1,10,3.6,71,1,0,1,36,68,45,49,49.67,0,0
15,0,10,5.8,75,0,1,0,70,74,66,64,70.0,2,1
17,1,11,5.9,81,2,1,1,76,74,54,82,68.0,2,1
19,0,10,4.8,67,0,0,0,68,58,73,58,66.33,2,1
19,1,11,5.1,76,2,1,1,37,72,97,83,68.67,2,1
14,0,10,5.2,77,0,1,0,58,52,61,90,57.0,1,1
15,1,10,3.1,96,1,1,0,99,36,76,90,70.33,2,1
16,0,10,0.9,97,2,1,1,87,78,41,52,68.67,2,1
15,0,12,3.4,85,1,0,0,36,87,90,71,71.0,2,1
18,1,12,0.8,60,2,1,1,92,87,86,79,88.33,3,1
14,1,10,1.4,66,0,0,0,49,86,36,48,57.0,1,1
18,1,12,1.8,67,0,0,1,48,43,99,75,63.33,1,1
17,0,9,1.6,58,2,1,0,42,95,35,87,57.33,1,1
15,1,12,3.0,89,2,1,1,46,84,90,53,73.33,2,1
16,1,10,1.5,87,1,0,1,64,75,72,78,70.33,2,1
17,1,10,3.3,79,0,1,0,53,87,65,76,68.33,2,1
17,1,11,6.0,87,2,1,0,96,87,88,50,90.33,3,1
19,0,11,5.2,59,2,0,0,38,85,83,73,68.67,2,1
17,0,12,3.7,71,1,1,0,50,81,55,84,62.0,1,1
18,1,9,4.5,87,2,0,1,39,61,64,85,54.67,1,1
17,1,11,5.2,86,0,0,1,87,80,78,43,81.67,3,1
16,1,11,1.8,82,1,1,1,39,100,58,41,65.67,1,1
17,0,12,4.9,77,0,0,0,44,57,74,49,58.33,1,1
16,1,10,4.9,100,1,0,1,53,81,90,85,74.67,2,1
16,0,12,4.8,80,0,1,1,81,36,40,79,52.33,1,1
14,1,12,2.8,54,2,0,1,77,78,88,63,81.0,3,1
18,1,9,3.3,51,1,0,1,69,37,39,92,48.33,0,0
14,1,10,0.6,56,1,1,0,42,46,47,76,45.0,0,0
19,1,10,3.8,68,1,1,0,60,76,70,77,68.67,2,1
17,1,11,6.0,85,1,0,0,84,43,75,66,67.33,2,1
15,0,11,2.6,82,0,1,0,59,78,72,44,69.67,2,1
16,1,9,5.1,92,0,1,1,53,51,46,84,50.0,1,1
18,1,9,2.8,50,1,0,1,42,71,38,51,50.33,1,1
15,0,10,2.7,51,0,1,1,50,48,35,87,44.33,0,0
15,1,11,4.4,60,0,0,0,69,35,53,77,52.33,1,1
18,1,12,1.4,97,1,0,1,69,47,37,89,51.0,1,1
19,0,10,1.1,83,0,1,0,67,77,69,80,71.0,2,1
18,0,12,1.3,90,1,1,1,60,61,93,71,71.33,2,1
15,0,11,4.4,58,0,1,1,77,75,57,67,69.67,2,1
15,1,9,4.3,51,2,1,1,89,61,95,62,81.67,3,1
19,0,9,1.9,79,0,0,0,57,72,60,74,63.0,1,1
16,1,9,1.6,66,2,0,0,47,42,42,40,43.67,0,0
16,1,11,2.1,90,0,1,1,42,54,53,50,49.67,0,0
14,0,9,5.6,80,2,1,1,35,43,73,76,50.33,1,1
19,0,10,3.7,90,0,0,1,93,48,85,59,75.33,2,1
17,1,10,3.2,85,2,1,1,59,92,96,80,82.33,3,1
18,1,12,2.8,58,0,1,1,91,80,63,69,78.0,2,1
18,1,11,4.2,55,1,0,1,80,91,71,66,80.67,2,1
14,0,11,2.9,78,1,1,1,37,68,50,59,51.67,1,1
17,1,9,4.9,58,2,1,0,85,82,81,65,82.67,3,1
15,1,9,2.2,71,1,0,0,86,73,46,76,68.33,2,1
17,1,10,3.1,73,2,0,0,70,37,56,55,54.33,1,1
19,1,11,0.6,93,1,0,1,81,51,69,50,67.0,2,1
14,0,10,1.2,63,2,0,0,47,53,48,53,49.33,0,0
18,1,11,2.0,92,2,1,0,62,67,48,47,59.0,1,1
18,1,11,2.3,67,1,1,0,89,71,62,81,74.0,2,1
14,1,11,3.3,93,2,0,0,48,91,91,87,76.67,2,1
18,1,9,2.9,62,1,1,0,37,59,63,46,53.0,1,1
19,1,11,0.8,58,2,0,1,66,76,100,79,80.67,2,1
18,0,11,5.1,57,2,1,0,62,48,38,40,49.33,0,0
15,0,12,5.2,84,2,0,0,72,49,52,80,57.67,1,1
14,0,12,5.0,67,1,0,1,85,55,72,40,70.67,2,1
14,0,9,1.0,93,1,0,0,91,72,41,59,68.0,2,1
16,1,12,6.0,80,2,0,1,56,60,40,64,52.0,1,1
17,0,9,3.9,51,1,0,0,95,48,42,75,61.67,1,1
18,0,9,0.9,78,0,0,0,69,89,88,81,82.0,3,1
15,0,12,5.0,64,0,1,0,55,67,94,61,72.0,2,1
19,0,11,4.3,56,2,0,1,37,38,46,81,40.33,0,0
17,1,11,2.7,50,2,0,1,44,60,90,64,64.67,1,1
16,1,11,1.9,55,1,0,1,49,41,84,89,58.0,1,1
14,1,11,4.8,92,0,0,1,82,61,39,92,60.67,1,1
15,0,9,2.0,84,0,1,0,99,67,96,53,87.33,3,1
19,1,11,4.3,50,1,1,1,72,79,64,64,71.67,2,1
17,0,11,2.9,78,2,0,0,77,77,85,57,79.67,2,1
18,0,9,1.7,65,2,0,0,81,48,77,88,68.67,2,1
19,0,10,1.1,67,2,0,1,79,82,39,41,66.67,2,1
18,1,10,3.2,70,2,1,1,43,76,50,42,56.33,1,1
15,0,12,2.4,75,1,0,0,60,100,65,77,75.0,2,1
15,1,12,4.1,78,2,0,1,85,79,63,71,75.67,2,1
18,1,9,5.3,64,2,1,1,68,76,57,64,67.0,2,1
15,0,9,2.8,58,1,0,1,77,49,49,82,58.33,1,1
17,1,9,3.9,89,0,0,0,90,45,86,57,73.67,2,1
14,1,9,1.3,88,2,0,0,58,56,95,88,69.67,2,1
15,1,9,5.2,70,1,1,0,53,95,37,91,61.67,1,1
16,1,10,0.5,67,2,1,1,74,45,78,53,65.67,1,1
18,1,12,1.5,57,2,1,0,69,57,62,85,62.67,1,1
18,1,10,4.4,74,2,0,1,91,41,59,43,63.67,1,1
17,1,11,5.8,66,2,1,1,62,45,53,60,53.33,1,1
16,1,9,3.3,75,1,0,1,88,98,64,42,83.33,3,1
18,1,12,4.1,79,2,0,0,71,40,64,66,58.33,1,1
18,1,12,5.8,84,0,0,0,95,84,64,75,81.0,3,1
14,1,10,3.4,65,2,0,1,100,42,58,54,66.67,2,1
15,1,11,5.2,82,2,0,0,85,43,44,55,57.33,1,1
14,1,9,0.5,80,1,1,1,64,94,98,63,85.33,3,1
14,1,9,5.1,71,0,1,1,99,68,35,85,67.33,2,1
19,0,11,2.5,57,0,1,1,99,64,65,85,76.0,2,1
19,0,10,1.2,51,1,1,0,54,49,35,90,46.0,0,0
18,1,11,2.2,95,2,1,0,83,70,58,47,70.33,2,1
17,0,12,3.3,76,2,1,1,53,37,90,66,60.0,1,1
17,0,10,4.6,83,0,0,0,80,80,40,83,66.67,2,1
16,0,9,2.8,66,2,0,0,35,55,87,82,59.0,1,1
19,1,9,5.7,73,0,0,0,56,86,54,85,65.33,1,1
15,0,11,3.6,61,2,0,0,94,89,59,94,80.67,2,1
14,1,10,2.0,70,1,0,1,88,87,67,65,80.67,2,1
19,0,10,5.3,71,0,0,0,45,53,55,51,51.0,1,1
16,0,12,3.7,95,0,0,1,82,94,59,84,78.33,2,1
18,0,11,1.1,81,2,1,1,57,98,56,66,70.33,2,1
17,1,12,2.2,65,2,1,0,37,84,52,92,57.67,1,1
18,1,11,1.4,68,0,1,0,47,68,80,40,65.0,1,1
17,1,10,3.2,99,0,1,0,66,92,65,76,74.33,2,1
14,0,12,5.0,61,1,1,1,98,97,89,70,94.67,3,1
14,1,9,4.6,81,0,1,0,97,81,96,62,91.33,3,1
15,1,10,4.0,89,2,1,1,86,88,74,52,82.67,3,1
16,1,11,5.8,77,2,0,1,54,56,85,70,65.0,1,1
18,0,12,3.4,74,1,0,0,47,66,61,71,58.0,1,1
16,0,12,1.3,60,2,1,0,41,89,64,66,64.67,1,1
17,1,9,1.5,85,2,1,1,80,93,45,85,72.67,2,1
16,1,11,5.0,51,2,0,0,75,98,77,41,83.33,3,1
16,1,9,5.4,77,1,1,1,48,40,65,63,51.0,1,1
19,0,9,2.5,67,0,0,0,89,71,73,73,77.67,2,1
14,0,10,3.3,61,0,0,1,56,36,96,51,62.67,1,1
18,0,10,4.7,86,0,1,0,75,42,72,59,63.0,1,1
17,1,12,3.9,82,2,0,1,39,81,57,48,59.0,1,1
17,1,12,1.9,95,1,1,1,76,50,39,41,55.0,1,1
14,0,11,2.8,77,0,1,1,93,69,99,68,87.0,3,1
17,1,9,2.7,63,2,0,1,80,69,96,78,81.67,3,1
18,0,9,2.3,75,1,1,0,86,56,38,60,60.0,1,1
16,1,12,5.1,98,2,0,1,92,85,51,49,76.0,2,1
15,0,9,5.0,61,0,1,1,72,55,68,68,65.0,1,1
17,0,12,6.0,84,2,1,1,66,47,60,75,57.67,1,1
17,0,10,2.1,66,0,1,0,59,56,98,67,71.0,2,1
19,1,11,2.3,56,1,0,0,48,63,52,60,54.33,1,1
15,0,10,0.8,68,2,0,1,69,42,93,48,68.0,2,1
16,1,9,5.2,91,0,1,1,93,92,95,88,93.33,3,1
16,0,10,4.3,69,2,1,1,43,64,100,72,69.0,2,1
18,1,9,3.9,76,2,1,1,81,89,74,81,81.33,3,1
19,1,12,3.5,57,0,0,1,75,58,77,73,70.0,2,1
18,0,11,2.8,91,0,0,0,63,35,93,66,63.67,1,1
16,0,9,5.3,83,2,0,1,64,78,94,94,78.67,2,1
15,0,12,2.2,93,0,1,1,70,41,41,58,50.67,1,1
18,1,9,1.1,70,1,1,0,96,38,51,68,61.67,1,1
18,0,11,5.6,72,0,0,0,66,65,64,54,65.0,1,1
17,1,9,5.1,100,1,0,1,92,59,44,93,65.0,1,1
15,0,12,4.3,57,1,1,1,42,56,52,62,50.0,1,1
18,1,11,2.0,66,0,1,0,54,38,63,64,51.67,1,1
17,1,11,1.2,50,1,1,1,73,60,85,79,72.67,2,1
18,0,11,3.4,86,2,0,1,88,71,70,43,76.33,2,1
19,0,12,3.3,67,2,1,0,46,89,63,47,66.0,2,1
18,1,11,2.0,80,2,0,0,55,51,64,62,56.67,1,1
16,1,12,4.6,68,1,1,1,39,100,49,43,62.67,1,1
18,0,12,5.8,76,2,1,1,67,72,75,55,71.33,2,1
15,0,9,4.3,69,2,1,0,89,96,76,71,87.0,3,1
16,1,9,1.1,51,1,1,0,40,97,90,90,75.67,2,1
19,0,11,1.7,74,0,1,0,53,70,74,64,65.67,1,1
18,1,12,1.8,78,1,0,1,65,51,72,94,62.67,1,1
19,1,11,1.4,66,2,0,0,81,68,63,87,70.67,2,1
16,1,11,3.3,62,1,1,1,65,46,96,78,69.0,2,1
18,1,11,2.4,59,2,1,0,36,47,65,89,49.33,0,0
19,0,12,0.7,60,1,1,0,75,68,39,60,60.67,1,1
16,0,11,4.4,95,0,0,0,57,51,94,72,67.33,2,1
18,1,11,1.0,72,0,0,1,63,76,61,58,66.67,2,1
14,1,10,3.6,78,1,0,0,38,90,62,78,63.33,1,1
19,0,10,5.6,70,2,1,1,92,45,35,68,57.33,1,1
15,1,10,4.8,68,0,1,1,76,36,61,76,57.67,1,1
18,0,10,0.7,64,2,1,1,81,38,64,84,61.0,1,1
19,0,10,5.0,68,0,0,1,69,83,53,70,68.33,2,1
15,0,9,2.4,78,0,1,1,69,85,96,45,83.33,3,1
18,1,9,5.1,84,0,0,1,76,90,86,71,84.0,3,1
16,1,9,3.2,52,0,1,1,100,54,38,66,64.0,1,1
18,1,11,2.9,70,2,0,0,88,55,53,86,65.33,1,1
15,1,12,3.3,55,0,0,1,67,41,52,78,53.33,1,1
14,1,10,1.5,52,1,0,1,60,66,85,76,70.33,2,1
16,1,12,2.7,86,1,0,1,86,82,60,84,76.0,2,1
16,0,12,3.8,62,1,0,0,56,77,66,82,66.33,2,1
17,1,9,0.8,95,1,1,0,49,50,86,90,61.67,1,1
15,1,9,0.9,78,1,1,1,49,51,86,83,62.0,1,1
14,1,12,2.0,96,2,1,0,44,55,76,64,58.33,1,1
18,1,9,1.5,83,0,1,1,75,73,54,76,67.33,2,1
14,0,10,2.4,72,2,0,1,87,54,65,77,68.67,2,1
19,1,10,4.1,86,0,1,1,58,98,85,74,80.33,2,1
15,0,11,4.4,99,1,1,0,69,49,80,92,66.0,2,1
17,1,11,3.0,87,2,0,0,83,99,66,73,82.67,3,1
14,0,11,5.6,69,0,0,0,65,39,94,80,66.0,2,1
14,0,12,2.3,62,2,0,1,46,37,82,58,55.0,1,1
19,1,10,4.7,88,2,1,1,94,55,85,87,78.0,2,1
19,1,10,1.2,85,2,1,0,99,49,65,40,71.0,2,1
15,1,10,5.0,91,2,0,0,56,37,87,78,60.0,1,1
14,0,12,1.9,56,0,0,0,43,92,75,54,70.0,2,1
19,0,12,3.5,97,2,0,1,50,90,93,61,77.67,2,1
19,0,10,3.9,53,2,1,1,51,98,91,71,80.0,2,1
16,0,9,4.5,90,1,1,1,100,70,58,84,76.0,2,1
19,1,10,2.5,82,2,1,0,42,99,40,68,60.33,1,1
15,1,12,1.6,55,2,1,0,80,42,80,63,67.33,2,1
17,1,12,2.6,58,1,1,0,55,82,43,54,60.0,1,1
18,0,11,2.0,96,1,0,0,75,62,79,93,72.0,2,1
18,1,10,4.4,82,0,1,1,52,68,69,86,63.0,1,1
18,1,12,3.3,58,1,0,1,97,98,70,92,88.33,3,1
17,0,12,5.7,79,1,0,1,99,82,93,95,91.33,3,1
18,1,10,1.9,78,2,0,1,36,60,94,79,63.33,1,1
16,1,9,5.0,62,1,1,0,96,37,45,41,59.33,1,1
18,1,10,4.0,51,1,0,1,74,76,77,94,75.67,2,1
17,0,12,4.4,84,2,1,0,56,58,95,50,69.67,2,1
17,1,12,3.5,78,1,0,1,40,47,90,69,59.0,1,1
19,0,11,2.6,58,0,1,1,43,43,41,71,42.33,0,0
17,0,9,4.4,58,0,1,1,68,82,53,68,67.67,2,1
16,1,12,2.7,52,1,1,0,77,36,75,47,62.67,1,1
19,1,11,3.5,74,1,1,0,51,44,46,52,47.0,0,0
15,1,11,2.1,89,2,1,0,81,68,84,67,77.67,2,1
16,0,9,1.4,77,2,0,1,35,47,94,95,58.67,1,1
18,0,9,3.2,68,1,1,0,86,87,36,86,69.67,2,1
16,0,9,4.2,54,2,1,0,82,37,58,69,59.0,1,1
18,1,9,2.3,87,2,0,0,62,73,100,77,78.33,2,1
18,1,11,4.2,75,2,0,0,90,62,60,83,70.67,2,1
15,1,11,4.9,61,1,1,0,75,78,75,57,76.0,2,1
14,0,9,4.1,54,2,0,1,78,95,63,69,78.67,2,1
14,1,11,5.4,77,0,1,1,45,72,60,60,59.0,1,1
14,0,12,1.2,53,1,0,0,95,50,45,45,63.33,1,1
18,1,10,3.6,97,2,1,0,44,61,72,54,59.0,1,1
14,0,11,1.7,80,0,0,0,85,94,85,66,88.0,3,1
16,1,10,3.2,66,1,0,1,89,70,60,46,73.0,2,1
16,0,11,2.7,62,1,0,0,48,49,77,69,58.0,1,1
18,0,12,1.7,80,0,0,0,69,38,84,73,63.67,1,1
17,1,9,1.4,93,1,0,1,65,86,54,47,68.33,2,1
18,0,9,1.9,93,1,0,0,87,77,59,74,74.33,2,1
15,0,12,3.7,73,0,1,0,69,67,97,47,77.67,2,1
17,0,11,1.5,63,1,0,0,66,64,94,92,74.67,2,1
18,0,11,1.1,68,0,1,1,69,64,65,68,66.0,2,1
17,0,9,2.9,65,2,0,0,73,98,53,74,74.67,2,1
15,0,12,4.3,83,1,0,0,86,49,54,94,63.0,1,1
18,0,10,0.8,51,1,1,1,83,40,97,43,73.33,2,1
16,0,11,1.4,69,1,0,0,56,53,72,57,60.33,1,1
19,0,11,2.9,56,2,1,1,80,80,94,46,84.67,3,1
15,1,11,5.1,97,1,0,1,87,56,55,40,66.0,2,1
17,0,10,2.5,94,2,1,1,88,96,77,81,87.0,3,1
18,0,9,1.2,64,1,1,1,52,64,38,86,51.33,1,1
15,1,12,5.8,80,0,1,0,98,94,75,41,89.0,3,1
16,1,11,2.0,58,2,1,0,99,74,63,46,78.67,2,1
18,1,12,2.7,59,0,0,1,52,85,99,83,78.67,2,1
16,0,10,3.0,92,0,0,1,59,79,63,77,67.0,2,1
15,1,12,3.1,97,2,0,0,94,91,42,66,75.67,2,1
14,1,9,4.7,87,1,1,1,73,55,77,46,68.33,2,1
16,0,10,3.3,99,2,1,1,66,49,87,72,67.33,2,1
15,1,11,5.1,57,1,1,1,98,72,41,82,70.33,2,1
19,0,10,4.6,77,2,0,0,58,35,47,78,46.67,0,0
16,0,9,4.8,78,2,1,1,64,48,47,69,53.0,1,1
19,0,12,2.3,63,2,1,1,43,96,43,86,60.67,1,1
16,1,12,1.8,70,2,1,0,52,47,42,56,47.0,0,0
15,1,12,5.7,52,2,0,0,62,94,45,58,67.0,2,1
18,0,11,1.8,97,2,0,1,44,68,57,70,56.33,1,1
17,0,12,4.4,69,2,0,1,51,49,61,79,53.67,1,1
19,0,12,5.0,76,2,1,0,85,58,48,53,63.67,1,1
18,1,11,5.2,85,2,1,0,38,71,55,89,54.67,1,1
15,0,12,5.4,83,0,0,1,72,99,64,70,78.33,2,1
14,0,12,3.6,85,1,0,0,59,77,97,48,77.67,2,1
16,1,12,5.9,73,2,1,0,67,59,92,71,72.67,2,1
14,0,11,0.9,50,1,0,1,70,76,79,61,75.0,2,1
19,0,9,4.1,91,2,0,1,96,87,99,94,94.0,3,1
17,1,11,2.0,67,1,0,0,77,71,70,82,72.67,2,1
19,0,9,0.9,52,1,0,0,90,41,47,80,59.33,1,1
17,1,9,4.9,99,0,0,0,92,75,82,81,83.0,3,1
15,0,9,5.3,72,0,0,0,49,36,86,84,57.0,1,1
19,0,12,5.0,84,0,0,1,62,44,85,58,63.67,1,1
18,1,9,1.8,54,1,0,1,88,42,71,91,67.0,2,1
14,1,11,5.6,79,2,1,0,76,90,43,95,69.67,2,1
19,0,9,0.9,100,2,0,0,77,40,59,48,58.67,1,1
15,1,12,2.8,74,2,1,0,38,51,93,72,60.67,1,1
19,1,12,1.9,61,1,0,0,66,70,40,45,58.67,1,1
14,0,11,1.5,58,0,1,0,64,53,36,87,51.0,1,1
17,1,9,5.1,93,1,0,0,82,44,84,84,70.0,2,1
18,0,11,0.7,57,0,0,0,89,49,65,59,67.67,2,1
15,1,11,4.1,67,0,0,0,76,82,64,51,74.0,2,1
17,0,12,1.6,83,1,0,1,75,81,71,71,75.67,2,1
17,0,12,4.8,92,2,0,0,53,88,83,69,74.67,2,1
17,1,12,4.7,94,0,0,1,37,96,84,61,72.33,2,1
14,0,12,2.5,58,2,0,1,59,39,54,91,50.67,1,1
19,0,9,4.4,98,0,0,0,67,71,87,51,75.0,2,1
15,1,12,4.9,88,2,0,0,63,63,45,87,57.0,1,1
14,1,11,3.5,55,1,0,0,59,44,38,56,47.0,0,0
15,0,12,2.8,77,0,1,0,63,48,40,57,50.33,1,1
14,1,12,4.1,69,1,1,0,69,97,95,62,87.0,3,1
18,0,11,1.1,93,2,0,0,46,53,77,70,58.67,1,1
18,0,11,1.7,72,0,1,1,55,49,61,57,55.0,1,1
15,1,11,1.3,72,2,1,0,86,38,47,78,57.0,1,1
17,0,9,3.0,68,0,1,1,35,40,93,62,56.0,1,1
14,1,12,3.5,97,1,0,0,98,53,42,75,64.33,1,1
17,1,10,2.2,75,1,0,0,84,54,62,64,66.67,2,1
16,1,10,2.4,93,1,0,0,48,89,46,53,61.0,1,1
19,1,11,2.7,94,0,1,0,62,91,69,82,74.0,2,1
16,0,12,5.0,90,0,0,1,42,84,62,89,62.67,1,1
14,1,12,1.6,91,2,0,0,47,95,48,63,63.33,1,1
14,0,10,1.9,85,2,0,0,60,75,71,62,68.67,2,1
15,1,10,0.6,70,0,0,1,60,72,66,45,66.0,2,1
19,1,12,4.6,62,1,0,1,66,99,47,68,70.67,2,1
17,0,11,4.3,68,0,1,1,92,38,76,83,68.67,2,1
17,0,12,5.3,70,0,0,1,59,68,60,48,62.33,1,1
15,1,12,4.7,62,1,1,0,83,87,42,84,70.67,2,1
14,1,12,2.9,92,2,1,1,84,84,69,52,79.0,2,1
14,0,9,3.5,80,1,0,1,81,57,78,92,72.0,2,1
19,0,9,4.8,87,2,1,0,73,80,68,95,73.67,2,1
14,1,10,2.5,70,2,0,0,50,72,51,81,57.67,1,1
17,1,12,2.4,84,2,1,0,46,39,75,73,53.33,1,1
18,1,10,0.7,90,0,1,0,47,61,75,79,61.0,1,1
17,0,11,0.8,85,2,0,1,52,80,66,80,66.0,2,1
15,1,10,2.3,60,2,0,0,95,47,95,51,79.0,2,1
18,1,9,3.8,79,0,0,1,76,82,47,87,68.33,2,1
16,1,10,3.8,93,2,1,1,43,49,40,60,44.0,0,0
16,1,11,4.8,92,0,0,0,72,36,96,81,68.0,2,1
14,0,9,1.5,61,1,1,0,47,58,68,61,57.67,1,1
17,0,10,4.0,99,1,0,0,63,73,62,44,66.0,2,1
18,0,9,4.6,75,1,0,1,84,68,78,82,76.67,2,1
17,0,11,1.2,91,1,0,1,96,63,41,64,66.67,2,1
19,0,10,1.9,77,0,1,1,52,42,51,77,48.33,0,0
19,1,11,2.0,54,0,1,0,69,48,86,54,67.67,2,1
18,1,9,1.8,93,0,0,1,68,71,40,86,59.67,1,1
17,1,12,5.9,52,0,0,1,42,55,63,60,53.33,1,1
19,1,10,5.9,59,0,1,0,91,66,55,88,70.67,2,1
14,1,11,2.6,52,1,1,1,66,69,38,48,57.67,1,1
17,0,12,0.8,57,0,0,1,47,95,95,70,79.0,2,1
19,1,9,1.2,78,0,0,1,41,72,89,45,67.33,2,1
14,1,12,2.1,56,1,0,0,65,62,60,67,62.33,1,1
14,1,10,4.9,86,0,0,0,35,41,77,93,51.0,1,1
14,1,11,5.7,90,1,0,1,75,36,86,67,65.67,1,1
18,0,9,1.5,82,0,0,0,79,66,56,95,67.0,2,1
14,1,9,3.2,71,2,0,1,81,95,98,73,91.33,3,1
14,0,12,3.6,86,1,1,1,86,50,82,44,72.67,2,1
15,1,9,5.4,52,0,1,0,55,53,91,94,66.33,2,1
18,0,12,3.7,69,1,1,0,80,70,50,47,66.67,2,1
15,0,10,2.5,83,2,1,1,68,56,76,45,66.67,2,1
18,0,12,1.6,92,2,1,1,42,91,85,63,72.67,2,1
15,1,10,3.5,90,1,0,1,81,52,67,57,66.67,2,1
16,0,12,5.0,76,1,0,0,95,100,42,40,79.0,2,1
16,0,12,5.0,59,2,1,0,38,69,100,56,69.0,2,1
18,1,9,0.9,67,1,1,0,98,71,40,81,69.67,2,1
19,0,10,4.6,69,2,0,1,92,81,36,67,69.67,2,1
17,1,12,1.3,57,2,1,1,95,96,100,42,97.0,3,1
17,0,9,2.1,83,2,1,1,78,96,48,48,74.0,2,1
16,0,10,5.8,97,1,1,0,49,99,99,73,82.33,3,1
16,1,9,3.1,92,1,1,1,59,45,49,82,51.0,1,1
15,1,11,1.4,78,0,1,1,81,91,41,94,71.0,2,1
16,1,12,5.2,94,0,0,0,86,93,53,85,77.33,2,1
16,0,10,5.0,58,0,1,1,78,50,71,43,66.33,2,1
19,0,12,1.2,65,2,1,1,76,83,67,43,75.33,2,1
18,1,12,0.6,73,2,1,1,100,49,69,60,72.67,2,1
14,0,12,2.1,57,2,0,1,50,69,100,80,73.0,2,1
17,1,9,3.9,74,0,1,1,98,37,39,82,58.0,1,1
17,1,12,4.2,81,2,1,1,68,73,52,41,64.33,1,1
15,1,12,3.8,88,0,1,1,63,42,71,93,58.67,1,1
18,1,11,2.4,100,1,0,0,56,59,70,82,61.67,1,1
16,1,11,0.6,53,0,0,0,69,38,52,53,53.0,1,1
15,0,10,4.7,78,1,1,1,98,37,79,81,71.33,2,1
19,1,10,5.5,55,0,0,1,79,75,69,72,74.33,2,1
14,1,9,5.2,63,2,1,1,80,74,62,42,72.0,2,1
14,1,9,2.2,56,0,0,0,57,73,68,62,66.0,2,1
17,0,10,2.9,90,0,0,0,71,43,45,58,53.0,1,1
15,1,10,4.6,63,1,0,0,90,46,64,71,66.67,2,1
18,0,12,1.8,92,2,0,0,74,67,97,72,79.33,2,1
16,0,11,0.9,83,2,0,1,71,81,84,60,78.67,2,1
16,0,11,2.8,54,0,0,0,51,41,69,68,53.67,1,1
18,1,10,3.6,89,2,1,0,84,74,61,52,73.0,2,1
15,0,11,5.4,90,1,1,1,93,81,70,89,81.33,3,1
15,1,12,5.1,70,2,1,0,40,42,68,68,50.0,1,1
19,0,12,1.7,72,1,0,1,93,45,89,61,75.67,2,1
18,1,12,3.7,60,2,0,1,100,39,68,81,69.0,2,1
16,0,10,4.3,96,0,0,0,36,49,70,63,51.67,1,1
15,1,9,2.6,67,2,1,0,79,64,55,43,66.0,2,1
18,0,10,5.4,54,1,1,0,74,87,98,59,86.33,3,1
18,1,12,1.8,52,2,1,0,64,42,59,73,55.0,1,1
18,1,9,0.5,83,0,0,0,65,39,71,51,58.33,1,1
16,1,11,5.0,53,0,1,1,90,69,88,43,82.33,3,1
17,0,9,4.8,54,0,1,0,62,49,57,70,56.0,1,1
19,0,12,2.8,61,2,0,1,80,70,88,91,79.33,2,1
18,1,11,2.4,54,1,1,0,98,68,40,79,68.67,2,1
16,1,11,5.7,94,1,1,0,64,88,75,59,75.67,2,1
16,0,9,5.3,89,1,0,1,66,77,38,77,60.33,1,1
14,0,12,1.5,82,0,1,1,83,82,67,60,77.33,2,1
15,1,9,3.1,57,2,0,0,36,91,79,81,68.67,2,1
14,1,9,3.2,95,0,1,0,68,98,82,91,82.67,3,1
18,0,10,2.8,66,0,0,1,93,36,77,93,68.67,2,1
17,1,11,0.7,54,1,0,1,83,43,55,80,60.33,1,1
19,0,10,5.6,63,1,0,0,75,90,55,50,73.33,2,1
17,0,12,3.3,80,2,1,1,92,55,66,69,71.0,2,1
17,1,9,4.5,92,1,1,1,53,81,79,61,71.0,2,1
16,0,11,1.9,58,0,0,0,70,60,55,73,61.67,1,1
16,0,12,4.4,56,0,1,0,58,44,50,83,50.67,1,1
19,1,12,3.5,84,0,1,1,93,55,88,67,78.67,2,1
16,0,11,4.8,66,1,0,1,56,84,47,92,62.33,1,1
16,0,10,5.4,98,2,1,0,92,44,78,95,71.33,2,1
18,0,12,5.7,64,2,1,0,78,80,41,70,66.33,2,1
19,1,12,0.7,79,1,0,0,52,46,72,43,56.67,1,1
19,0,11,2.3,63,0,0,0,79,81,98,61,86.0,3,1
14,0,12,5.0,86,0,1,1,41,79,43,48,54.33,1,1
16,1,10,1.4,77,1,1,1,92,74,68,53,78.0,2,1
19,1,10,2.3,72,1,0,1,94,50,93,93,79.0,2,1
14,1,12,3.7,60,0,0,1,82,94,68,61,81.33,3,1
17,1,11,4.3,81,2,0,1,87,65,38,74,63.33,1,1
14,0,11,1.7,89,1,0,1,70,39,80,45,63.0,1,1
15,1,11,4.2,53,1,0,1,76,93,51,75,73.33,2,1
19,0,10,3.7,87,0,1,0,60,65,90,75,71.67,2,1
17,1,10,5.4,99,0,1,1,55,42,96,50,64.33,1,1
14,0,11,3.9,71,2,0,1,48,45,77,75,56.67,1,1
15,0,10,5.6,91,0,1,0,73,50,46,86,56.33,1,1
18,0,10,2.1,68,2,1,1,64,91,53,42,69.33,2,1
14,1,11,6.0,91,2,1,0,49,36,89,77,58.0,1,1
14,1,12,1.8,72,1,0,0,35,63,57,42,51.67,1,1
19,1,12,5.4,52,1,1,0,73,52,96,61,73.67,2,1
16,1,11,5.6,92,1,0,1,79,54,59,51,64.0,1,1
14,1,10,5.9,73,1,0,1,40,80,81,92,67.0,2,1
16,0,12,5.9,88,2,0,1,50,41,55,90,48.67,0,0
16,0,12,4.9,84,0,0,0,50,78,77,47,68.33,2,1
19,1,11,5.7,72,1,0,0,40,77,79,88,65.33,1,1
15,0,12,5.7,92,0,1,0,77,56,70,68,67.67,2,1
19,0,9,3.9,57,2,0,1,76,68,77,55,73.67,2,1
14,0,11,0.6,72,1,1,1,62,83,64,79,69.67,2,1
14,1,11,3.8,55,1,0,0,72,63,96,43,77.0,2,1
15,1,10,5.0,96,2,0,0,91,92,99,66,94.0,3,1
17,0,9,2.5,56,0,0,0,68,92,69,47,76.33,2,1
16,1,12,0.9,66,2,0,1,45,48,68,88,53.67,1,1
16,0,12,2.5,76,2,1,0,74,76,62,40,70.67,2,1
14,0,11,1.6,59,0,0,1,54,79,67,40,66.67,2,1
14,0,9,0.6,86,0,0,1,100,91,36,60,75.67,2,1
18,0,9,5.9,87,2,1,1,77,60,40,56,59.0,1,1
15,1,9,3.5,56,1,1,1,76,62,95,77,77.67,2,1
17,1,11,5.0,84,0,0,0,40,49,37,91,42.0,0,0
14,0,10,2.9,74,0,1,0,85,96,85,75,88.67,3,1
18,0,10,3.6,50,0,1,1,72,71,92,45,78.33,2,1
17,0,10,5.6,87,1,0,1,77,50,97,75,74.67,2,1
16,1,12,5.5,78,2,0,0,96,55,93,40,81.33,3,1
17,0,12,5.4,57,2,1,1,42,66,84,56,64.0,1,1
15,0,12,4.6,50,1,1,1,90,61,44,59,65.0,1,1
18,0,11,3.7,53,1,0,1,62,58,68,91,62.67,1,1
16,0,9,0.7,80,2,1,1,84,100,73,77,85.67,3,1
18,1,12,3.1,85,2,1,0,56,90,37,88,61.0,1,1
19,0,10,3.2,69,1,1,1,55,50,45,95,50.0,1,1
16,0,11,5.4,76,1,1,0,35,80,39,48,51.33,1,1
19,0,10,3.0,91,0,0,1,73,62,85,50,73.33,2,1
18,0,12,2.7,70,1,0,1,66,54,53,56,57.67,1,1
17,1,10,6.0,76,2,1,1,37,99,58,90,64.67,1,1
14,1,11,0.8,99,1,1,1,96,51,44,73,63.67,1,1
18,0,10,5.2,73,2,1,0,82,62,97,46,80.33,2,1
19,0,9,2.6,95,2,0,1,83,56,75,73,71.33,2,1
15,0,11,3.7,94,0,0,1,57,56,87,61,66.67,2,1
18,1,11,4.4,89,1,1,0,75,63,37,56,58.33,1,1
18,1,12,5.3,59,0,1,1,70,49,37,73,52.0,1,1
19,1,10,2.0,77,0,1,1,54,88,66,60,69.33,2,1
15,0,10,1.9,66,2,1,0,89,78,80,87,82.33,3,1
15,0,9,1.6,91,0,1,0,65,57,41,88,54.33,1,1
19,0,12,3.0,100,1,0,0,38,47,96,50,60.33,1,1
15,0,12,5.8,98,1,1,0,36,63,45,86,48.0,0,0
18,1,12,2.2,63,1,0,1,81,45,60,57,62.0,1,1
17,1,11,2.7,68,1,1,0,99,48,71,72,72.67,2,1
18,1,10,2.0,92,1,0,1,76,98,45,59,73.0,2,1
19,1,11,3.2,86,1,1,0,99,68,99,89,88.67,3,1
18,1,12,4.4,63,0,0,0,56,100,55,93,70.33,2,1
16,0,11,3.7,86,1,0,1,85,60,98,94,81.0,3,1
17,0,12,5.4,68,0,1,0,45,71,35,78,50.33,1,1
18,0,11,4.5,68,2,0,1,61,56,79,42,65.33,1,1
17,1,11,4.4,64,1,1,1,59,87,55,43,67.0,2,1
15,0,12,3.6,62,0,1,0,89,44,74,80,69.0,2,1
16,1,12,0.7,79,0,0,1,84,49,42,58,58.33,1,1
14,0,9,1.3,77,1,1,1,63,61,58,69,60.67,1,1
17,1,10,5.9,77,2,0,0,46,43,97,87,62.0,1,1
16,0,9,4.1,66,1,0,1,51,52,80,42,61.0,1,1
15,0,12,0.7,63,2,0,0,62,93,94,89,83.0,3,1
14,0,12,2.7,70,2,1,1,40,64,56,92,53.33,1,1
14,0,9,0.8,60,2,1,1,50,98,51,80,66.33,2,1
16,1,10,1.1,94,0,1,0,60,91,79,47,76.67,2,1
16,0,9,1.8,59,0,1,0,82,71,93,79,82.0,3,1
19,1,10,2.7,98,0,1,1,84,76,50,43,70.0,2,1
16,0,11,5.2,55,1,1,0,63,78,92,77,77.67,2,1
14,0,10,0.9,67,2,0,1,40,94,39,81,57.67,1,1
17,1,10,4.2,92,0,0,0,82,61,58,56,67.0,2,1
14,0,10,3.3,98,2,0,1,86,45,78,80,69.67,2,1
18,0,12,5.9,95,0,1,1,40,64,48,70,50.67,1,1
15,0,11,3.3,96,2,0,0,59,49,96,85,68.0,2,1
19,0,12,4.3,80,0,1,0,40,71,77,72,62.67,1,1
15,0,11,2.3,86,1,0,1,51,72,48,67,57.0,1,1
18,0,10,4.6,62,0,0,0,38,41,51,58,43.33,0,0
18,0,9,5.0,92,2,1,0,98,51,69,47,72.67,2,1
17,1,9,3.9,89,0,0,0,41,38,74,66,51.0,1,1
19,1,12,3.0,74,0,0,1,71,44,69,51,61.33,1,1
18,1,11,2.0,94,2,0,0,69,88,65,71,74.0,2,1
16,1,9,5.3,52,2,1,0,63,55,36,84,51.33,1,1
15,1,11,2.4,94,2,1,0,72,51,92,78,71.67,2,1
15,0,11,1.1,82,0,1,1,74,86,50,64,70.0,2,1
18,1,12,4.5,75,0,1,0,62,54,57,88,57.67,1,1
17,1,10,5.4,73,0,1,1,59,83,47,75,63.0,1,1
14,1,10,1.3,61,1,1,1,96,94,39,40,76.33,2,1
15,0,9,2.8,80,0,1,1,35,82,96,41,71.0,2,1
17,1,10,5.9,60,0,1,0,71,65,86,90,74.0,2,1
17,0,9,5.8,56,0,1,0,37,62,72,41,57.0,1,1
16,0,9,4.1,68,1,0,1,80,43,92,79,71.67,2,1
19,0,9,4.4,66,1,0,1,62,67,83,71,70.67,2,1
18,0,11,5.5,83,2,1,1,96,69,64,59,76.33,2,1
19,1,10,1.4,68,0,0,0,86,55,56,64,65.67,1,1
17,1,9,0.7,73,2,1,0,35,95,58,51,62.67,1,1
19,1,10,5.8,97,1,0,0,76,97,88,94,87.0,3,1
16,1,10,3.3,56,1,0,1,54,95,72,89,73.67,2,1
19,0,10,4.7,92,0,1,0,66,69,68,50,67.67,2,1
18,1,10,3.9,62,1,1,1,94,47,75,86,72.0,2,1
16,1,12,5.5,65,1,1,1,57,65,75,72,65.67,1,1
16,0,10,3.8,60,1,0,1,51,89,93,52,77.67,2,1
15,0,10,1.6,84,0,0,1,80,94,74,50,82.67,3,1
16,1,12,3.2,81,0,1,0,80,70,81,84,77.0,2,1
14,0,10,5.7,78,2,1,0,84,82,49,64,71.67,2,1
17,1,10,2.0,67,2,1,0,35,73,73,61,60.33,1,1
18,1,9,2.4,61,0,1,1,66,69,63,92,66.0,2,1
15,0,10,5.8,79,0,1,1,93,48,95,40,78.67,2,1
14,0,10,0.9,61,0,0,1,56,37,66,78,53.0,1,1
14,0,12,5.9,79,2,1,1,40,39,59,47,46.0,0,0
17,0,9,4.2,93,0,0,0,41,60,51,53,50.67,1,1
16,1,12,2.1,92,2,1,1,38,92,36,54,55.33,1,1
17,1,12,1.6,68,1,0,1,85,44,41,43,56.67,1,1
18,1,11,3.4,85,2,0,1,66,90,44,70,66.67,2,1
18,1,9,2.5,68,2,1,0,45,44,97,54,62.0,1,1
16,0,9,4.8,73,1,0,0,37,89,83,41,69.67,2,1
16,0,10,5.1,67,0,0,0,94,57,61,49,70.67,2,1
18,0,11,2.4,83,2,0,1,50,94,44,92,62.67,1,1
18,0,9,2.7,82,2,0,1,62,60,43,48,55.0,1,1
17,1,9,5.7,63,1,0,0,44,39,66,69,49.67,0,0
16,0,11,1.1,68,0,1,0,45,61,80,49,62.0,1,1
19,0,10,2.3,56,0,0,0,41,79,38,42,52.67,1,1
14,0,12,6.0,83,2,0,0,92,85,40,76,72.33,2,1
17,0,10,5.0,95,2,0,0,40,71,51,90,54.0,1,1
14,1,12,3.5,66,0,0,0,93,100,67,44,86.67,3,1
14,0,11,5.3,66,2,1,1,53,39,94,65,62.0,1,1
18,1,12,6.0,75,0,1,0,42,84,78,48,68.0,2,1
19,1,12,3.7,51,2,1,0,80,52,56,71,62.67,1,1
19,1,12,0.6,79,0,1,0,37,57,79,72,57.67,1,1
18,0,11,5.6,55,1,0,0,35,38,78,69,50.33,1,1
18,1,9,5.3,99,0,0,0,53,79,93,76,75.0,2,1
16,0,9,4.3,63,1,0,1,55,69,63,86,62.33,1,1
16,0,11,1.8,56,0,1,1,55,99,62,40,72.0,2,1
18,0,11,1.2,65,0,1,1,86,58,63,92,69.0,2,1
15,0,11,3.7,99,2,1,1,36,40,83,41,53.0,1,1
14,1,9,1.5,100,0,1,0,67,48,91,66,68.67,2,1
15,1,10,3.9,79,2,0,1,42,94,41,51,59.0,1,1
17,0,10,5.3,50,2,0,1,60,64,99,71,74.33,2,1
14,1,12,2.9,50,1,0,0,61,69,79,47,69.67,2,1
15,1,10,2.8,55,1,0,0,49,94,71,59,71.33,2,1
19,0,11,3.7,84,0,0,1,36,99,37,93,57.33,1,1
17,1,12,2.1,58,1,0,1,87,74,91,93,84.0,3,1
15,1,10,0.7,80,1,1,0,48,77,52,76,59.0,1,1
18,0,9,1.0,73,2,1,1,94,62,100,83,85.33,3,1
15,1,11,0.6,100,0,0,1,69,54,55,71,59.33,1,1
19,1,11,1.5,56,1,0,1,99,95,92,42,95.33,3,1
18,0,12,2.7,98,2,0,1,70,50,65,52,61.67,1,1
14,0,11,2.0,86,0,1,1,85,86,97,56,89.33,3,1
19,0,12,4.8,60,2,0,0,61,44,68,89,57.67,1,1
16,1,11,2.5,53,1,1,0,89,74,51,89,71.33,2,1
18,1,10,5.2,83,0,0,0,46,69,79,54,64.67,1,1
18,1,9,0.6,64,2,1,1,57,84,58,93,66.33,2,1
16,0,9,4.7,82,0,1,0,57,60,43,61,53.33,1,1
19,1,9,3.5,84,0,0,0,64,54,95,64,71.0,2,1
18,0,9,5.6,94,0,0,1,67,65,92,95,74.67,2,1
14,1,10,1.4,91,2,1,0,49,52,81,62,60.67,1,1
15,1,11,1.1,97,1,1,0,90,39,47,46,58.67,1,1
16,0,11,4.6,76,2,1,0,87,94,60,52,80.33,2,1
15,1,11,3.0,74,2,1,1,93,96,59,48,82.67,3,1
18,1,9,1.7,57,1,0,0,63,94,79,54,78.67,2,1
14,0,11,5.4,67,0,1,0,80,37,46,88,54.33,1,1
16,1,9,3.6,86,1,0,1,39,39,82,44,53.33,1,1
15,0,10,1.6,56,2,0,0,50,47,97,53,64.67,1,1
19,1,9,1.4,50,1,0,1,55,41,55,87,50.33,1,1
17,1,12,1.6,72,1,1,1,76,50,91,72,72.33,2,1
18,0,9,3.2,72,2,0,0,50,97,53,64,66.67,2,1
18,0,9,5.3,73,0,1,1,52,82,82,95,72.0,2,1
15,0,11,6.0,58,2,0,1,59,59,67,50,61.67,1,1
15,0,11,1.7,72,0,1,1,65,47,54,44,55.33,1,1
14,1,12,3.8,77,1,1,0,83,39,93,51,71.67,2,1
14,0,11,2.0,84,2,0,1,85,61,95,77,80.33,2,1
17,0,9,5.0,97,2,1,1,41,82,60,71,61.0,1,1
18,0,11,3.9,85,2,1,0,53,41,75,50,56.33,1,1
15,1,10,0.8,59,2,1,0,72,72,85,61,76.33,2,1
16,0,12,4.5,89,2,1,1,77,67,95,69,79.67,2,1
14,0,12,1.2,84,1,1,1,87,57,78,84,74.0,2,1
18,1,11,2.1,97,0,1,0,39,42,56,63,45.67,0,0
14,0,9,1.3,59,0,1,0,71,46,66,61,61.0,1,1
17,0,9,4.0,72,1,0,1,40,71,43,71,51.33,1,1
18,1,11,4.2,64,1,1,1,49,49,63,50,53.67,1,1
16,0,9,1.1,53,0,1,1,55,78,72,87,68.33,2,1
17,0,10,3.7,75,2,0,1,80,74,99,62,84.33,3,1
17,1,9,2.7,68,1,1,0,70,93,89,64,84.0,3,1
18,1,11,4.1,65,2,1,1,87,82,35,61,68.0,2,1
19,0,12,5.7,50,2,1,1,45,50,61,71,52.0,1,1
16,0,11,5.8,88,2,0,0,94,83,36,65,71.0,2,1
19,1,9,2.6,50,0,1,0,99,46,85,66,76.67,2,1
15,0,9,0.8,58,2,1,0,44,41,78,84,54.33,1,1
19,1,9,2.8,71,0,0,0,86,58,97,46,80.33,2,1
18,0,12,2.4,95,0,0,0,64,67,37,41,56.0,1,1
14,1,11,1.3,88,2,0,1,54,77,48,51,59.67,1,1
18,1,10,4.9,98,0,0,0,79,89,84,73,84.0,3,1
16,1,12,2.3,76,1,0,1,50,50,70,55,56.67,1,1
17,1,10,3.3,94,1,1,1,69,88,65,89,74.0,2,1
18,0,10,1.5,62,0,1,0,70,79,70,70,73.0,2,1
14,1,11,1.1,59,1,1,0,100,99,89,83,96.0,3,1
18,1,12,0.9,92,0,1,0,71,38,78,70,62.33,1,1
17,1,12,1.6,94,0,1,1,55,79,56,43,63.33,1,1
16,1,11,2.6,98,0,1,1,74,76,80,86,76.67,2,1
18,0,12,2.7,68,0,0,0,40,71,51,60,54.0,1,1
16,0,10,5.0,60,1,1,1,88,46,49,52,61.0,1,1
16,0,12,0.9,82,0,0,1,51,94,59,86,68.0,2,1
19,0,9,5.5,72,2,0,0,93,91,77,63,87.0,3,1
15,0,10,2.6,68,0,1,1,86,93,81,65,86.67,3,1
17,0,11,1.9,77,0,0,1,99,79,91,73,89.67,3,1
15,1,9,5.5,99,1,1,0,45,72,54,45,57.0,1,1
17,0,12,1.5,67,2,0,0,82,75,96,86,84.33,3,1
18,0,11,3.3,95,0,1,0,80,55,73,67,69.33,2,1
19,1,12,1.0,69,1,0,0,45,56,55,94,52.0,1,1
16,1,12,3.0,50,2,1,1,55,87,46,42,62.67,1,1
16,0,12,2.5,98,0,1,1,76,61,45,43,60.67,1,1
16,0,11,5.8,60,2,0,0,73,95,86,62,84.67,3,1
19,1,10,0.6,96,0,0,1,79,83,44,86,68.67,2,1
16,0,12,5.3,55,0,1,1,47,61,68,86,58.67,1,1
17,1,10,0.5,64,1,1,0,64,99,49,88,70.67,2,1
14,1,10,2.2,90,2,0,1,59,68,42,73,56.33,1,1
17,1,10,3.5,58,2,0,0,51,68,55,90,58.0,1,1
19,0,10,5.8,83,0,1,1,45,45,54,52,48.0,0,0
15,1,9,2.6,93,2,0,0,50,40,48,82,46.0,0,0
14,1,11,5.4,56,0,0,1,61,38,48,66,49.0,0,0
19,0,9,1.0,85,0,1,1,86,42,66,65,64.67,1,1
15,0,9,2.2,78,2,0,0,51,46,90,50,62.33,1,1
15,1,10,4.7,92,2,0,1,71,59,53,44,61.0,1,1
14,1,9,2.0,95,1,1,1,72,52,75,71,66.33,2,1
17,0,10,5.8,91,1,0,0,65,94,56,60,71.67,2,1
14,1,11,2.2,67,1,0,1,50,78,97,55,75.0,2,1
15,0,10,2.0,69,0,1,0,58,43,36,78,45.67,0,0
19,0,10,3.6,82,1,1,0,98,48,91,85,79.0,2,1
18,1,11,4.0,83,2,0,1,49,71,83,54,67.67,2,1
19,0,9,1.7,61,2,0,1,71,67,48,56,62.0,1,1
18,1,11,3.0,76,2,0,1,92,82,41,47,71.67,2,1
16,0,10,1.9,56,1,0,0,79,81,60,62,73.33,2,1
18,0,11,4.7,63,1,1,1,59,57,88,40,68.0,2,1
19,0,9,0.6,56,0,0,1,76,92,49,79,72.33,2,1
18,1,12,0.9,63,0,0,0,100,58,93,56,83.67,3,1
17,1,10,1.3,97,2,1,0,80,94,90,58,88.0,3,1
17,0,11,5.8,96,0,0,0,58,62,79,62,66.33,2,1
14,1,9,5.6,57,1,1,0,93,52,77,61,74.0,2,1
18,1,12,3.0,92,2,1,1,42,42,73,75,52.33,1,1
15,0,9,4.8,93,1,1,1,78,54,75,85,69.0,2,1
17,0,10,5.7,64,1,0,0,94,50,98,43,80.67,2,1
17,0,12,3.5,66,2,0,0,43,37,73,77,51.0,1,1
14,0,10,2.3,82,1,1,0,40,83,99,66,74.0,2,1
19,1,10,0.6,90,2,1,1,47,80,40,87,55.67,1,1
19,0,11,3.8,95,0,1,1,50,66,43,91,53.0,1,1
17,0,11,5.0,85,2,1,0,72,36,47,85,51.67,1,1
17,0,11,4.8,92,2,0,1,88,41,99,89,76.0,2,1
19,1,11,4.4,98,2,0,1,41,95,50,45,62.0,1,1
19,1,12,1.9,96,0,1,1,39,91,46,78,58.67,1,1
15,1,11,2.4,72,0,1,0,41,48,77,93,55.33,1,1
14,0,11,2.7,58,2,1,0,61,86,85,80,77.33,2,1
14,0,9,4.8,85,1,1,0,56,94,79,90,76.33,2,1
17,0,11,4.7,62,1,1,0,66,51,41,50,52.67,1,1
16,1,12,3.7,98,1,1,1,79,78,85,68,80.67,2,1
15,1,11,2.1,65,2,1,1,80,85,66,68,77.0,2,1
17,1,11,5.0,73,0,1,0,40,72,53,77,55.0,1,1
15,1,11,1.0,75,2,1,0,95,97,66,50,86.0,3,1
15,0,9,4.9,70,1,0,1,79,75,37,54,63.67,1,1
15,0,12,1.5,51,0,0,1,45,66,65,82,58.67,1,1
18,0,10,1.9,83,2,1,0,87,69,87,92,81.0,3,1
17,1,10,5.5,82,2,1,0,61,80,47,56,62.67,1,1
14,0,12,6.0,80,2,1,1,44,69,99,77,70.67,2,1
19,1,9,5.6,81,1,0,0,86,79,53,93,72.67,2,1
16,0,10,3.2,98,2,0,0,40,81,46,91,55.67,1,1
17,1,11,5.0,61,2,1,1,96,80,81,80,85.67,3,1
14,0,11,0.8,72,0,1,1,35,51,94,73,60.0,1,1
14,0,12,1.2,86,0,1,1,60,68,86,94,71.33,2,1
17,1,11,3.0,87,1,0,1,44,96,74,51,71.33,2,1
15,0,10,4.7,53,1,1,1,69,51,76,67,65.33,1,1
15,0,10,5.0,95,0,1,0,46,70,77,46,64.33,1,1
14,0,12,2.0,71,2,1,1,73,73,90,69,78.67,2,1
14,1,11,2.7,59,0,1,0,38,94,65,47,65.67,1,1
18,1,9,3.3,94,0,1,1,60,90,92,43,80.67,2,1
15,1,9,2.1,80,0,0,0,35,91,37,93,54.33,1,1
14,1,9,2.3,99,1,1,1,68,35,73,64,58.67,1,1
15,0,10,2.5,57,1,1,0,99,67,56,68,74.0,2,1
17,1,11,5.5,96,1,1,0,48,97,46,46,63.67,1,1
19,0,10,0.7,78,2,0,1,50,36,67,50,51.0,1,1
19,1,11,1.4,87,0,0,0,59,95,78,77,77.33,2,1
14,1,11,2.6,73,2,0,0,66,66,56,42,62.67,1,1
14,1,9,5.0,79,2,1,1,64,70,71,94,68.33,2,1
14,0,9,5.1,87,0,0,0,94,42,38,94,58.0,1,1
16,0,9,0.8,65,2,0,0,78,99,80,95,85.67,3,1
15,0,9,2.4,87,1,0,1,37,72,62,84,57.0,1,1
14,1,12,5.9,65,1,0,1,98,37,92,82,75.67,2,1
16,0,9,1.4,68,0,0,0,65,58,42,77,55.0,1,1
18,0,10,3.9,51,1,0,0,77,58,39,46,58.0,1,1
14,1,9,2.8,77,0,0,1,62,94,87,83,81.0,3,1
17,1,9,3.2,96,1,1,1,54,90,95,69,79.67,2,1
16,1,12,4.5,81,0,0,0,43,40,55,70,46.0,0,0
17,1,10,3.0,86,0,0,0,92,47,100,64,79.67,2,1
16,1,10,4.0,77,2,0,1,49,98,88,90,78.33,2,1
16,0,11,5.4,62,1,0,1,71,38,58,94,55.67,1,1
18,1,9,4.8,90,0,1,1,78,66,42,64,62.0,1,1
19,1,12,1.5,73,2,0,1,68,77,35,53,60.0,1,1
17,0,11,2.4,71,2,0,1,89,75,85,72,83.0,3,1
19,1,9,4.2,82,1,1,0,84,41,37,80,54.0,1,1
18,1,9,5.8,66,2,0,1,66,49,37,72,50.67,1,1
19,0,11,4.3,90,1,0,0,61,46,42,91,49.67,0,0
14,0,10,3.3,66,0,1,1,52,95,37,89,61.33,1,1
16,0,10,5.8,77,0,0,0,63,75,49,41,62.33,1,1
18,1,10,5.5,69,2,0,0,72,88,88,56,82.67,3,1
16,1,11,3.1,56,0,1,1,66,78,75,87,73.0,2,1
19,0,11,2.5,96,0,0,0,56,39,45,83,46.67,0,0
15,0,12,0.9,92,1,0,1,36,69,61,87,55.33,1,1
17,1,9,2.7,83,2,1,0,74,47,43,94,54.67,1,1
16,1,11,5.8,88,0,1,1,41,57,49,59,49.0,0,0
14,1,9,4.3,86,1,0,1,70,100,52,87,74.0,2,1
18,1,9,5.7,90,1,0,0,93,95,90,87,92.67,3,1
16,0,11,5.6,100,1,0,1,96,46,67,72,69.67,2,1
18,1,12,4.6,90,0,0,1,49,67,79,62,65.0,1,1
18,1,9,2.6,69,2,1,0,83,66,41,51,63.33,1,1
14,0,11,3.9,82,1,1,0,61,80,58,58,66.33,2,1
19,1,10,1.5,74,2,0,0,61,76,44,56,60.33,1,1
15,0,9,3.5,94,1,0,0,90,77,94,64,87.0,3,1
16,0,12,2.7,68,1,0,1,77,83,63,57,74.33,2,1
14,0,12,5.6,97,0,0,0,61,71,98,73,76.67,2,1
19,0,11,3.0,75,2,0,1,98,42,94,78,78.0,2,1
18,0,10,1.2,55,1,1,0,74,97,67,46,79.33,2,1
16,1,12,0.9,52,2,0,0,43,45,68,41,52.0,1,1
16,0,10,4.1,92,2,0,1,76,49,36,79,53.67,1,1
15,0,10,4.5,77,2,0,1,83,53,41,71,59.0,1,1
19,0,10,3.6,64,0,0,0,45,61,92,84,66.0,2,1
17,0,12,3.9,95,0,1,0,69,53,52,60,58.0,1,1
16,1,10,2.6,54,2,1,1,42,85,98,83,75.0,2,1
15,1,11,4.8,86,1,0,0,64,91,93,61,82.67,3,1
19,1,10,5.3,59,2,0,0,79,43,39,92,53.67,1,1
14,1,12,3.7,75,1,0,0,68,64,56,43,62.67,1,1
18,1,10,3.7,54,0,0,0,54,57,58,63,56.33,1,1
15,1,11,2.0,61,1,1,1,75,66,75,82,72.0,2,1
15,0,10,1.3,64,1,0,0,86,48,68,47,67.33,2,1
14,1,12,1.3,96,1,0,0,40,42,65,88,49.0,0,0
17,1,12,4.4,84,1,0,1,85,67,70,48,74.0,2,1
19,1,9,5.8,82,0,1,1,86,43,92,94,73.67,2,1
17,0,9,2.0,76,1,0,1,39,61,63,53,54.33,1,1
14,1,11,2.9,70,1,1,1,45,99,61,53,68.33,2,1
16,1,11,1.4,60,1,0,1,52,76,40,82,56.0,1,1
16,1,10,0.9,89,2,0,0,43,43,87,45,57.67,1,1
18,1,11,4.2,60,1,1,1,80,49,43,87,57.33,1,1
15,0,10,4.5,95,1,0,0,39,85,64,80,62.67,1,1
16,0,12,3.7,86,1,1,0,80,45,41,59,55.33,1,1
15,0,10,4.2,90,1,1,0,42,75,55,67,57.33,1,1
19,1,9,5.8,99,2,1,0,43,55,66,81,54.67,1,1
19,0,10,3.4,60,2,1,1,67,84,51,93,67.33,2,1
18,1,11,2.9,70,0,0,1,69,35,61,68,55.0,1,1
17,1,10,4.5,61,0,0,0,46,88,93,51,75.67,2,1
15,1,12,2.1,84,1,1,0,81,74,74,61,76.33,2,1
15,0,9,4.1,91,2,1,1,51,36,50,75,45.67,0,0
15,0,12,6.0,57,1,1,0,83,63,96,63,80.67,2,1
15,0,10,2.9,88,1,1,1,91,82,88,87,87.0,3,1
19,1,10,3.2,65,0,0,0,63,46,85,64,64.67,1,1
18,1,9,2.2,70,1,1,0,72,69,62,64,67.67,2,1
15,0,9,4.2,96,0,0,0,59,39,87,93,61.67,1,1
18,0,11,2.8,59,2,0,1,86,63,91,48,80.0,2,1
15,0,9,5.0,73,0,1,1,44,77,49,42,56.67,1,1
14,1,12,5.5,75,0,0,1,59,43,69,80,57.0,1,1
18,1,10,2.4,63,0,1,0,79,51,97,75,75.67,2,1
14,0,12,2.5,96,0,1,1,38,56,63,85,52.33,1,1
14,0,12,3.3,51,2,0,1,65,56,84,85,68.33,2,1
16,1,11,5.7,63,0,1,0,62,45,57,54,54.67,1,1
14,1,11,1.4,87,1,0,1,61,100,39,63,66.67,2,1
17,0,10,3.9,61,1,0,0,58,38,86,77,60.67,1,1
18,0,9,1.8,59,0,0,1,71,53,76,57,66.67,2,1
14,0,11,1.9,94,0,1,0,61,80,82,71,74.33,2,1
19,0,10,4.3,63,2,1,0,78,49,98,50,75.0,2,1
17,1,10,5.6,68,2,1,1,49,51,46,52,48.67,0,0
17,1,10,4.8,60,1,0,1,73,41,44,42,52.67,1,1
17,0,12,0.9,95,0,1,0,75,84,94,64,84.33,3,1
14,1,10,3.0,89,0,1,0,79,41,58,82,59.33,1,1
17,1,10,3.4,65,1,1,0,52,54,55,65,53.67,1,1
14,0,12,3.0,79,0,1,1,60,41,50,68,50.33,1,1
17,1,11,5.5,82,1,0,1,39,51,73,53,54.33,1,1
19,0,12,2.7,53,1,0,0,68,86,68,54,74.0,2,1
15,1,12,1.5,60,2,1,1,57,70,40,95,55.67,1,1
18,1,9,3.4,97,0,1,0,71,36,77,61,61.33,1,1
19,0,11,1.1,76,2,1,0,83,48,80,56,70.33,2,1
16,0,10,1.0,72,1,0,0,79,63,87,48,76.33,2,1
17,0,11,5.0,83,1,0,1,48,39,37,55,41.33,0,0
15,0,10,1.1,54,0,1,0,91,67,99,59,85.67,3,1
16,1,9,4.2,60,0,0,1,62,99,70,87,77.0,2,1
15,1,12,1.1,60,0,1,1,85,56,64,95,68.33,2,1
15,0,12,3.6,60,2,1,0,61,96,53,87,70.0,2,1
15,0,10,3.6,79,1,1,1,71,87,35,70,64.33,1,1
18,0,10,4.1,76,2,0,0,90,38,88,47,72.0,2,1
16,1,10,2.2,86,0,0,1,50,80,92,70,74.0,2,1
15,1,10,3.2,50,0,0,1,73,58,82,83,71.0,2,1
17,1,9,5.5,53,1,0,0,92,43,85,68,73.33,2,1
17,1,9,3.2,50,1,0,0,69,67,39,77,58.33,1,1
15,1,12,2.1,87,1,1,1,90,39,44,75,57.67,1,1
17,0,9,2.5,92,2,1,1,98,45,95,43,79.33,2,1
17,1,11,3.9,56,2,0,0,60,72,59,80,63.67,1,1
15,0,10,1.8,90,0,0,0,71,97,93,68,87.0,3,1
19,0,10,2.4,99,1,1,0,86,100,93,48,93.0,3,1
17,0,10,3.0,64,1,1,1,46,79,59,67,61.33,1,1
16,1,11,2.6,71,1,0,1,97,50,75,76,74.0,2,1
19,0,10,2.8,87,0,1,1,92,74,59,66,75.0,2,1
15,0,9,5.7,95,1,0,1,86,78,93,86,85.67,3,1
17,1,12,2.3,82,2,0,1,88,95,49,45,77.33,2,1
16,0,9,4.4,58,2,0,0,44,52,35,82,43.67,0,0
17,0,11,5.7,86,2,0,0,57,71,66,64,64.67,1,1
14,1,9,4.5,86,1,1,0,63,83,80,57,75.33,2,1
19,0,10,0.6,75,2,0,0,85,42,38,78,55.0,1,1
17,0,11,1.6,73,2,1,1,68,73,96,92,79.0,2,1
19,0,11,2.9,74,2,0,1,78,50,88,44,72.0,2,1
16,0,12,5.0,91,0,0,0,94,71,40,90,68.33,2,1
14,1,9,4.3,89,1,0,0,35,85,36,43,52.0,1,1
19,1,12,5.5,84,1,1,1,39,49,46,49,44.67,0,0
14,1,11,1.9,96,2,1,1,72,52,97,85,73.67,2,1
17,0,9,4.9,90,2,1,0,83,46,81,63,70.0,2,1
19,1,11,5.8,79,2,0,1,55,73,44,84,57.33,1,1
19,0,9,4.6,56,1,0,1,37,77,47,79,53.67,1,1
14,0,12,4.2,62,1,0,0,59,40,46,84,48.33,0,0
14,0,10,2.1,77,1,0,0,64,46,71,71,60.33,1,1
15,0,11,2.7,82,1,0,0,59,46,86,54,63.67,1,1
15,0,12,4.9,58,1,0,0,61,75,88,78,74.67,2,1
19,0,12,4.7,73,2,1,0,76,51,57,58,61.33,1,1
19,1,10,1.1,63,2,0,0,55,62,53,70,56.67,1,1
16,0,11,5.3,57,2,1,0,80,78,59,58,72.33,2,1
15,0,10,2.3,76,1,0,0,71,47,55,65,57.67,1,1
14,0,10,2.2,96,0,0,0,45,60,41,47,48.67,0,0
18,1,10,5.8,81,0,1,0,52,39,66,76,52.33,1,1
14,1,11,1.5,55,1,1,1,46,58,48,81,50.67,1,1
19,0,12,3.9,82,2,0,1,88,61,57,84,68.67,2,1
18,1,9,2.8,53,1,1,0,62,74,95,82,77.0,2,1
17,0,10,2.7,80,0,1,1,90,73,42,80,68.33,2,1
19,1,12,5.2,93,1,0,0,48,58,51,47,52.33,1,1
15,1,10,5.6,59,2,1,1,55,47,64,53,55.33,1,1
18,1,9,1.3,83,1,0,0,67,91,99,52,85.67,3,1
14,1,10,1.5,79,1,1,1,49,44,37,69,43.33,0,0
17,1,12,5.6,87,0,1,1,72,60,79,91,70.33,2,1
16,1,10,4.2,57,1,1,1,82,69,74,70,75.0,2,1
17,0,10,3.2,82,0,0,1,69,78,41,90,62.67,1,1
17,1,10,3.9,70,2,0,0,38,54,48,47,46.67,0,0
17,1,11,4.7,70,2,1,0,55,44,97,80,65.33,1,1
15,1,12,0.8,59,1,0,1,80,92,93,44,88.33,3,1
15,0,10,3.0,55,0,1,0,77,42,43,90,54.0,1,1
15,1,10,5.5,57,2,1,0,90,77,39,48,68.67,2,1
17,1,9,4.9,62,0,0,0,81,75,82,53,79.33,2,1
19,1,10,1.3,88,2,1,0,44,90,43,78,59.0,1,1
16,0,11,1.5,87,1,1,0,88,45,60,85,64.33,1,1
17,1,10,3.9,86,0,1,1,54,82,39,52,58.33,1,1
17,0,11,4.7,58,1,1,0,48,84,76,82,69.33,2,1
15,0,9,4.4,92,1,1,0,67,80,70,75,72.33,2,1
15,0,10,4.7,78,2,1,1,85,69,99,78,84.33,3,1
16,0,11,5.5,86,0,1,1,42,52,92,84,62.0,1,1
14,0,10,4.2,87,1,0,0,65,41,48,53,51.33,1,1
18,0,10,0.7,60,2,0,1,89,91,97,88,92.33,3,1
14,0,12,2.9,85,2,0,0,58,51,44,94,51.0,1,1
14,0,10,5.2,66,0,0,1,46,36,70,72,50.67,1,1
16,1,10,4.2,50,2,0,0,53,100,55,67,69.33,2,1
16,0,10,2.7,75,2,1,0,54,74,36,87,54.67,1,1
17,1,11,0.8,51,1,1,0,48,66,46,51,53.33,1,1
14,0,9,1.3,56,2,1,0,44,40,72,55,52.0,1,1
17,1,12,1.5,66,2,1,0,74,85,85,65,81.33,3,1
16,0,11,0.8,50,2,0,0,36,54,35,65,41.67,0,0
14,1,10,2.6,93,1,1,1,67,78,78,41,74.33,2,1
17,1,12,2.7,62,0,1,1,91,38,72,41,67.0,2,1
14,0,11,2.7,96,0,0,0,88,92,46,92,75.33,2,1
18,1,9,5.8,52,2,0,0,82,53,51,73,62.0,1,1
14,0,11,2.6,51,0,1,0,55,92,66,47,71.0,2,1
18,0,10,5.7,58,0,0,1,97,47,68,60,70.67,2,1
16,0,9,5.9,73,1,1,0,46,84,87,92,72.33,2,1
19,0,11,2.4,76,1,0,0,88,73,51,67,70.67,2,1
15,0,9,3.1,83,1,1,0,64,78,89,74,77.0,2,1
15,1,10,5.6,72,1,1,1,42,50,74,87,55.33,1,1
14,0,9,1.1,87,0,0,1,74,74,53,58,67.0,2,1
19,1,10,4.9,67,0,1,1,50,72,99,80,73.67,2,1
16,0,10,1.2,63,2,0,0,78,52,92,56,74.0,2,1
15,1,11,3.7,51,2,1,0,97,73,83,91,84.33,3,1
19,0,10,5.5,52,0,0,0,84,59,47,80,63.33,1,1
18,0,10,4.8,58,2,1,1,86,36,61,85,61.0,1,1
18,1,11,2.5,50,0,0,1,61,51,93,73,68.33,2,1
15,0,10,4.4,75,0,0,1,47,50,43,48,46.67,0,0
17,0,12,5.5,60,2,0,0,65,91,85,62,80.33,2,1
17,0,9,1.9,59,2,1,1,73,45,65,42,61.0,1,1
19,1,11,1.1,83,1,0,0,76,45,46,60,55.67,1,1
15,1,10,5.5,59,0,1,0,60,61,83,75,68.0,2,1
19,1,11,1.5,72,1,0,0,84,80,69,67,77.67,2,1
16,1,10,1.4,95,1,0,1,46,55,96,73,65.67,1,1
16,1,9,2.2,50,1,0,0,86,49,82,66,72.33,2,1
16,0,11,2.9,55,2,0,1,39,52,66,78,52.33,1,1
15,0,10,3.4,85,2,0,0,100,56,90,91,82.0,3,1
18,1,12,3.4,58,0,0,0,51,92,64,90,69.0,2,1
16,1,11,4.3,55,2,0,1,69,76,92,89,79.0,2,1
15,1,9,4.6,92,1,0,0,91,50,99,83,80.0,2,1
14,0,10,5.3,69,2,1,0,61,40,48,47,49.67,0,0
17,0,9,2.3,72,2,0,0,73,69,60,56,67.33,2,1
17,0,12,3.2,99,0,0,1,57,94,49,89,66.67,2,1
14,1,12,2.4,64,0,0,0,73,99,72,42,81.33,3,1
18,1,12,4.5,83,0,1,0,70,41,83,56,64.67,1,1
15,0,10,0.6,98,1,1,1,84,71,52,93,69.0,2,1
17,0,9,2.5,52,0,0,1,54,38,70,91,54.0,1,1
15,1,9,3.3,96,2,1,1,53,80,90,86,74.33,2,1
19,1,11,4.6,70,0,0,1,38,63,40,90,47.0,0,0
19,0,12,2.1,71,1,1,0,99,67,91,51,85.67,3,1
15,1,9,1.3,81,2,0,0,97,78,38,78,71.0,2,1
17,0,9,3.8,54,1,1,0,65,48,75,88,62.67,1,1
16,0,11,2.8,69,1,0,0,57,35,81,63,57.67,1,1
19,0,12,5.6,84,2,1,1,100,60,54,52,71.33,2,1
17,1,10,5.6,55,0,0,1,90,100,96,51,95.33,3,1
15,0,9,4.8,74,0,1,0,55,98,39,68,64.0,1,1
14,0,10,1.3,84,2,0,0,71,57,98,72,75.33,2,1
16,0,11,5.0,70,1,1,0,43,50,95,82,62.67,1,1
17,1,9,2.4,83,1,1,0,56,49,90,56,65.0,1,1
16,1,12,4.3,99,2,1,1,83,82,71,44,78.67,2,1
14,1,12,2.2,92,2,1,1,96,96,68,66,86.67,3,1
18,0,10,4.3,75,0,0,1,88,92,73,93,84.33,3,1
14,0,10,4.4,81,0,1,1,58,86,57,79,67.0,2,1
19,1,11,1.8,70,0,1,1,47,53,92,41,64.0,1,1
18,1,11,4.3,67,1,0,1,91,84,35,87,70.0,2,1
17,0,11,5.4,76,1,0,1,74,53,48,63,58.33,1,1
19,0,10,4.2,97,0,0,0,43,58,61,53,54.0,1,1
15,1,12,4.0,50,1,0,0,85,97,55,79,79.0,2,1
14,0,11,4.0,87,1,1,1,55,96,84,51,78.33,2,1
15,0,10,2.1,53,0,1,0,94,57,42,52,64.33,1,1
19,1,9,2.3,51,0,0,1,60,50,89,66,66.33,2,1
16,1,9,2.7,92,1,0,0,70,37,37,91,48.0,0,0
14,1,9,1.9,80,2,1,1,87,89,73,74,83.0,3,1
14,0,11,0.8,65,0,0,1,48,90,71,42,69.67,2,1
16,1,9,1.4,66,2,0,1,87,93,37,47,72.33,2,1
16,0,12,4.0,83,1,1,1,46,66,96,66,69.33,2,1
17,0,12,2.9,53,2,0,0,100,76,39,87,71.67,2,1
18,0,9,2.1,99,2,0,0,63,76,57,48,65.33,1,1
17,1,10,1.5,100,0,1,0,92,40,61,82,64.33,1,1
15,1,12,1.6,89,1,0,0,65,67,37,69,56.33,1,1
16,1,12,5.3,54,1,0,0,87,77,42,50,68.67,2,1
19,1,10,2.6,72,1,1,0,49,87,72,84,69.33,2,1
14,1,12,1.5,71,1,0,1,85,74,61,89,73.33,2,1
18,0,11,4.6,52,1,1,1,74,93,43,80,70.0,2,1
18,1,11,4.6,80,0,0,0,35,72,92,90,66.33,2,1
18,1,12,5.1,69,1,1,0,47,93,48,58,62.67,1,1
19,1,9,0.8,95,2,0,0,62,88,86,72,78.67,2,1
16,0,12,2.3,60,2,1,1,71,94,56,73,73.67,2,1
17,1,11,1.8,78,1,1,1,61,93,92,85,82.0,3,1
16,1,10,5.0,64,2,0,1,59,64,69,64,64.0,1,1
17,0,10,4.6,91,1,1,0,50,54,91,40,65.0,1,1
18,0,9,2.3,91,0,0,1,99,57,91,49,82.33,3,1
16,1,12,2.3,72,0,0,0,100,92,52,48,81.33,3,1
16,0,10,2.2,88,1,0,1,70,76,90,77,78.67,2,1
14,0,11,3.9,54,2,1,1,97,53,73,48,74.33,2,1
18,0,10,3.4,80,2,1,1,52,47,67,93,55.33,1,1
19,1,12,1.2,80,1,1,1,43,91,59,60,64.33,1,1
19,1,11,0.8,65,0,1,0,82,41,96,40,73.0,2,1
14,0,12,0.8,54,2,0,1,96,48,83,52,75.67,2,1
18,1,9,3.4,78,0,0,1,44,51,48,71,47.67,0,0
17,0,11,1.4,73,0,1,0,98,98,85,44,93.67,3,1
15,0,11,5.3,94,1,0,0,57,48,75,56,60.0,1,1
16,1,10,1.3,62,2,0,0,75,94,54,60,74.33,2,1
18,1,11,5.9,94,2,1,0,52,65,46,69,54.33,1,1
14,0,11,3.3,78,2,0,0,94,83,37,73,71.33,2,1
15,0,12,3.5,51,2,0,1,75,47,100,47,74.0,2,1
15,1,10,3.7,56,1,1,0,38,40,99,43,59.0,1,1
19,0,11,1.8,95,1,1,0,55,97,76,61,76.0,2,1
19,1,9,4.8,91,2,0,1,35,56,48,52,46.33,0,0
15,1,10,1.4,98,2,1,0,64,99,45,76,69.33,2,1
17,1,11,2.6,61,2,1,0,51,88,76,95,71.67,2,1
18,0,10,5.9,96,0,0,1,71,43,100,94,71.33,2,1
14,1,10,5.5,70,0,1,1,49,46,88,62,61.0,1,1
14,0,12,1.5,55,0,1,0,39,49,41,41,43.0,0,0
14,0,9,1.9,92,1,1,0,59,90,68,64,72.33,2,1
19,0,12,2.2,93,1,0,0,43,78,89,66,70.0,2,1
17,1,10,1.2,63,1,0,1,47,95,49,63,63.67,1,1
15,1,12,2.6,83,1,0,0,76,99,56,70,77.0,2,1
18,1,12,0.7,76,2,0,0,36,42,62,78,46.67,0,0
18,1,10,2.3,74,2,0,1,61,87,87,64,78.33,2,1
14,0,12,1.9,50,1,0,0,57,41,74,76,57.33,1,1
18,0,9,0.8,56,1,1,1,44,90,58,74,64.0,1,1
17,0,12,2.5,90,0,0,0,37,77,96,69,70.0,2,1
19,1,11,0.9,88,1,1,0,53,75,99,75,75.67,2,1
14,1,9,3.3,85,2,1,1,90,95,49,77,78.0,2,1
16,0,10,3.9,97,2,0,0,76,82,45,47,67.67,2,1
15,1,9,1.2,78,0,1,1,89,100,78,89,89.0,3,1
15,1,10,4.5,65,0,0,0,87,44,71,60,67.33,2,1
17,0,9,2.1,67,2,0,0,52,37,78,95,55.67,1,1
19,0,12,4.5,94,0,0,0,85,85,46,44,72.0,2,1
15,1,12,4.2,87,0,1,1,86,56,62,66,68.0,2,1
15,1,9,4.0,52,2,0,1,52,38,38,89,42.67,0,0
19,0,9,4.8,77,2,1,1,93,82,67,49,80.67,2,1
19,0,9,3.5,82,1,1,1,75,50,48,75,57.67,1,1
14,1,10,3.1,98,0,0,1,35,81,47,70,54.33,1,1
17,1,10,1.8,93,0,0,0,87,43,75,83,68.33,2,1
16,0,9,4.9,71,2,0,0,95,93,41,57,76.33,2,1
18,1,12,5.4,69,0,0,0,81,97,81,63,86.33,3,1
17,0,9,4.8,67,0,1,0,41,83,51,92,58.33,1,1
14,0,9,3.2,70,2,1,0,35,82,61,43,59.33,1,1
15,1,12,4.4,75,0,1,1,72,43,97,92,70.67,2,1
16,1,9,1.5,82,1,1,0,35,56,35,50,42.0,0,0
14,0,10,1.4,72,2,0,1,92,42,37,60,57.0,1,1
14,1,12,0.6,54,2,0,1,59,94,51,93,68.0,2,1
18,1,9,2.3,94,1,1,0,81,40,96,87,72.33,2,1
18,0,9,1.5,59,0,1,0,53,69,97,85,73.0,2,1
15,1,12,5.0,86,2,0,1,95,100,73,42,89.33,3,1
19,0,12,5.5,96,0,1,1,83,89,80,95,84.0,3,1
16,1,11,4.3,64,0,0,0,74,51,84,56,69.67,2,1
17,1,10,3.5,71,2,1,0,35,72,48,62,51.67,1,1
14,0,9,5.9,74,0,1,0,45,98,79,82,74.0,2,1
18,0,9,3.5,87,0,0,1,96,69,78,54,81.0,3,1
15,1,12,3.9,72,1,0,1,62,99,66,85,75.67,2,1
15,0,9,1.1,100,0,0,0,49,53,77,89,59.67,1,1
17,1,9,0.5,97,2,0,1,43,81,86,66,70.0,2,1
16,1,10,5.6,69,1,1,0,37,43,80,81,53.33,1,1
18,1,11,1.9,91,0,1,1,45,36,54,85,45.0,0,0
14,0,10,1.3,83,0,1,0,100,64,83,72,82.33,3,1
14,1,9,5.8,63,0,1,0,86,76,72,64,78.0,2,1
15,0,12,1.2,64,2,0,0,47,37,35,90,39.67,0,0
16,1,10,5.2,99,1,1,1,95,48,98,59,80.33,2,1
17,1,11,3.6,92,0,1,0,39,66,82,79,62.33,1,1
19,1,9,1.1,99,2,0,0,79,61,64,77,68.0,2,1
15,1,10,2.3,72,2,0,0,96,43,73,43,70.67,2,1
16,1,10,4.6,69,1,1,1,67,71,78,86,72.0,2,1
19,0,10,1.3,76,2,0,1,38,80,73,51,63.67,1,1
14,0,10,3.9,98,0,0,0,63,94,65,43,74.0,2,1
19,0,9,1.4,81,2,0,1,69,85,44,50,66.0,2,1
18,1,12,3.7,83,1,1,0,99,67,99,65,88.33,3,1
16,0,11,1.3,78,2,0,0,80,84,69,42,77.67,2,1
14,1,12,1.3,50,1,0,1,76,80,57,79,71.0,2,1
15,1,9,3.8,78,0,0,1,43,68,78,79,63.0,1,1
19,0,9,2.3,60,2,1,1,80,93,36,61,69.67,2,1
14,1,11,4.3,57,0,0,0,38,74,51,57,54.33,1,1
18,0,10,2.1,78,2,1,1,53,91,81,46,75.0,2,1
19,1,9,2.6,88,1,0,0,75,75,81,40,77.0,2,1
18,0,10,2.9,94,2,0,1,84,38,74,80,65.33,1,1
19,1,9,5.4,87,2,0,1,84,74,63,72,73.67,2,1
19,1,9,4.7,63,1,1,1,38,86,100,93,74.67,2,1
18,0,11,1.4,61,0,0,0,68,94,66,84,76.0,2,1
19,0,12,5.7,57,0,0,1,74,93,52,87,73.0,2,1
18,1,11,2.5,65,0,0,0,58,62,75,52,65.0,1,1
17,1,9,1.9,82,0,0,1,51,73,56,79,60.0,1,1
17,1,10,0.6,73,0,0,0,72,60,98,60,76.67,2,1
16,0,12,0.6,91,0,1,1,67,88,36,80,63.67,1,1
17,1,12,5.3,83,0,0,1,81,51,75,47,69.0,2,1
16,0,9,2.8,76,1,0,0,89,79,67,94,78.33,2,1
16,1,9,1.2,90,2,0,1,62,81,40,89,61.0,1,1
17,0,9,3.8,87,0,1,1,71,88,39,82,66.0,2,1
17,1,11,1.5,60,1,1,1,66,47,95,50,69.33,2,1
18,1,10,4.3,89,0,1,0,86,77,92,87,85.0,3,1
17,1,10,0.8,58,2,0,1,39,74,83,50,65.33,1,1
16,1,9,0.5,57,0,0,1,100,35,94,58,76.33,2,1
14,0,9,1.6,97,2,0,0,69,54,52,76,58.33,1,1
19,0,10,1.4,81,1,1,1,35,89,90,41,71.33,2,1
14,0,12,5.3,84,0,0,0,58,84,37,85,59.67,1,1
17,0,11,4.0,57,0,1,1,91,84,86,59,87.0,3,1
19,1,12,1.4,94,1,1,1,76,42,88,90,68.67,2,1
19,1,10,1.8,65,2,0,1,51,91,83,95,75.0,2,1
17,0,11,4.9,61,0,0,0,58,72,91,83,73.67,2,1
14,0,11,3.8,80,2,1,1,43,45,61,45,49.67,0,0
16,1,10,5.8,60,1,0,0,74,52,83,92,69.67,2,1
19,0,12,5.8,79,2,1,0,36,89,100,44,75.0,2,1
19,0,11,3.9,52,1,0,0,96,62,74,87,77.33,2,1
16,0,9,4.7,85,2,0,1,87,50,68,84,68.33,2,1
14,1,10,1.8,94,2,1,1,40,36,50,65,42.0,0,0
14,0,12,2.6,70,1,1,0,69,78,86,75,77.67,2,1
18,1,12,5.8,69,0,0,0,43,56,61,75,53.33,1,1
16,1,9,2.9,100,0,0,1,72,51,72,85,65.0,1,1
19,1,9,2.7,72,2,1,0,96,99,58,59,84.33,3,1
15,1,9,5.8,99,0,0,1,64,42,88,84,64.67,1,1
15,1,12,3.7,67,2,0,0,52,80,71,50,67.67,2,1
14,1,12,0.6,86,0,0,0,45,90,91,84,75.33,2,1
14,1,10,5.0,56,1,0,0,37,50,35,50,40.67,0,0
16,0,10,5.5,90,0,1,0,59,39,57,80,51.67,1,1
18,1,10,5.1,58,0,0,0,88,55,68,79,70.33,2,1
17,1,9,4.2,88,0,0,0,76,69,89,43,78.0,2,1
15,0,10,4.8,59,1,0,1,40,48,69,53,52.33,1,1
15,1,12,4.9,82,1,0,1,82,78,75,86,78.33,2,1
17,0,12,1.4,55,2,0,1,88,66,41,55,65.0,1,1
17,0,10,5.1,90,1,0,0,97,55,40,62,64.0,1,1
17,1,12,3.7,68,2,1,1,80,54,100,69,78.0,2,1
16,1,10,4.1,54,0,1,1,84,81,80,45,81.67,3,1
14,0,10,2.6,78,0,1,1,90,98,73,66,87.0,3,1
18,1,11,2.7,78,0,0,0,89,59,76,91,74.67,2,1
17,0,10,3.0,100,2,1,1,61,84,94,90,79.67,2,1
15,0,11,2.3,74,0,0,1,82,79,76,76,79.0,2,1
17,0,9,2.0,80,2,0,0,69,61,80,48,70.0,2,1
16,1,10,1.6,83,0,1,0,90,47,95,77,77.33,2,1
14,0,11,1.7,74,1,0,1,36,60,40,84,45.33,0,0
15,0,9,2.9,62,0,0,1,41,82,88,83,70.33,2,1
15,1,10,1.5,66,0,1,0,68,53,89,76,70.0,2,1
19,0,11,1.5,63,0,1,1,46,37,92,51,58.33,1,1
15,1,10,2.0,60,1,0,1,49,79,60,68,62.67,1,1
15,1,12,5.8,94,1,1,0,81,38,36,49,51.67,1,1
16,1,11,2.1,76,1,0,0,56,49,100,51,68.33,2,1
19,1,9,4.6,73,0,1,1,88,95,98,57,93.67,3,1
15,0,11,5.4,54,0,1,1,56,71,38,77,55.0,1,1
19,1,10,5.5,89,1,0,1,74,57,43,95,58.0,1,1
19,0,9,5.9,58,2,0,1,54,48,47,78,49.67,0,0
15,0,9,4.0,60,0,1,0,49,97,36,53,60.67,1,1
17,0,11,4.0,50,1,0,0,64,60,70,93,64.67,1,1
19,0,10,5.6,90,0,1,0,44,59,43,63,48.67,0,0
16,1,9,2.3,61,1,0,0,95,41,82,62,72.67,2,1
15,0,11,2.9,82,1,0,1,66,45,61,75,57.33,1,1
19,1,10,2.0,97,2,0,1,69,53,87,77,69.67,2,1
